{
	"credit": "Made with Blockbench",
	"textures": {
		"0": "block/color/aid_kit",
		"particle": "block/color/aid_kit"
	},
	"elements": [
		{
			"from": [8, 0, 8],
			"to": [11, 2, 8.01],
			"faces": {
				"north": {"uv": [1.13778, 3.34222, 14.86222, 12.51556], "texture": "#0"},
				"east": {"uv": [1.13778, 3.34222, 14.86222, 12.51556], "texture": "#0"},
				"south": {"uv": [1.13778, 3.34222, 14.86222, 12.51556], "texture": "#0"},
				"west": {"uv": [1.13778, 3.34222, 14.86222, 12.51556], "texture": "#0"},
				"up": {"uv": [1.13778, 3.34222, 14.86222, 12.51556], "texture": "#0"},
				"down": {"uv": [1.13778, 3.34222, 14.86222, 12.51556], "texture": "#0"}
			}
		}
	],
	"display": {
		"thirdperson_righthand": {
			"translation": [-5, 22, 0],
			"scale": [3.25, 3.25, 3.25]
		},
		"thirdperson_lefthand": {
			"translation": [5, 22.5, 0],
			"scale": [3.25, 3.25, 3.25]
		},
		"firstperson_righthand": {
			"rotation": [0, -15, 15],
			"translation": [-8.75, 21.25, 0],
			"scale": [2.75, 2.75, 2.75]
		},
		"firstperson_lefthand": {
			"rotation": [0, -15, 15],
			"translation": [0, 21.5, 0],
			"scale": [2.75, 2.75, 2.75]
		},
		"ground": {
			"translation": [-5, 21.75, 0],
			"scale": [3.25, 3.25, 3.25]
		},
		"gui": {
			"translation": [-5.9, 28.25, 0],
			"scale": [4, 4, 4]
		},
		"head": {
			"translation": [-6, 28, -6.5],
			"scale": [4, 4, 4]
		},
		"fixed": {
			"translation": [-5.5, 27.5, 0.99],
			"scale": [4, 4, 4]
		}
	}
}