{
	"credit": "Made with Blockbench",
	"texture_size": [128, 128],
	"textures": {
		"0": "custom/elitecreatures/demons/redflames",
		"particle": "custom/elitecreatures/demons/redflames"
	},
	"elements": [
		{
			"from": [-5.92, -9.28, 8],
			"to": [21.92, 18.56, 8],
			"rotation": {"angle": 22.5, "axis": "z", "origin": [8, 4.64, 8]},
			"faces": {
				"north": {"uv": [0, 0, 16, 16], "texture": "#0"},
				"east": {"uv": [0, 0, 16, 16], "texture": "#0"},
				"south": {"uv": [16, 0, 0, 16], "texture": "#0"},
				"west": {"uv": [0, 0, 16, 16], "texture": "#0"},
				"up": {"uv": [0, 0, 16, 16], "texture": "#0"},
				"down": {"uv": [0, 0, 16, 16], "texture": "#0"}
			}
		},
		{
			"from": [-5.92, -8.12, 7.42],
			"to": [17.28, 15.08, 7.42],
			"rotation": {"angle": 45, "axis": "z", "origin": [8, 4.64, 8]},
			"faces": {
				"north": {"uv": [0, 0, 16, 16], "texture": "#0"},
				"east": {"uv": [0, 0, 16, 16], "texture": "#0"},
				"south": {"uv": [16, 0, 0, 16], "texture": "#0"},
				"west": {"uv": [0, 0, 16, 16], "texture": "#0"},
				"up": {"uv": [0, 0, 16, 16], "texture": "#0"},
				"down": {"uv": [0, 0, 16, 16], "texture": "#0"}
			}
		},
		{
			"from": [-5.92, -8.12, 8.58],
			"to": [17.28, 15.08, 8.58],
			"rotation": {"angle": 45, "axis": "z", "origin": [8, 4.64, 8]},
			"faces": {
				"north": {"uv": [0, 0, 16, 16], "texture": "#0"},
				"east": {"uv": [0, 0, 16, 16], "texture": "#0"},
				"south": {"uv": [16, 0, 0, 16], "texture": "#0"},
				"west": {"uv": [0, 0, 16, 16], "texture": "#0"},
				"up": {"uv": [0, 0, 16, 16], "texture": "#0"},
				"down": {"uv": [0, 0, 16, 16], "texture": "#0"}
			}
		},
		{
			"from": [-2.58927, -9.28, 9.16],
			"to": [14.81073, 8.12, 9.16],
			"rotation": {"angle": 45, "axis": "z", "origin": [6.11073, -0.85293, 9.16]},
			"faces": {
				"north": {"uv": [0, 0, 16, 16], "texture": "#0"},
				"east": {"uv": [0, 0, 16, 16], "texture": "#0"},
				"south": {"uv": [16, 0, 0, 16], "texture": "#0"},
				"west": {"uv": [0, 0, 16, 16], "texture": "#0"},
				"up": {"uv": [0, 0, 16, 16], "texture": "#0"},
				"down": {"uv": [0, 0, 16, 16], "texture": "#0"}
			}
		},
		{
			"from": [-5.92, -7.54, 6.84],
			"to": [11.48, 9.86, 6.84],
			"rotation": {"angle": 45, "axis": "z", "origin": [8, 4.64, 8]},
			"faces": {
				"north": {"uv": [0, 0, 16, 16], "texture": "#0"},
				"east": {"uv": [0, 0, 16, 16], "texture": "#0"},
				"south": {"uv": [16, 0, 0, 16], "texture": "#0"},
				"west": {"uv": [0, 0, 16, 16], "texture": "#0"},
				"up": {"uv": [0, 0, 16, 16], "texture": "#0"},
				"down": {"uv": [0, 0, 16, 16], "texture": "#0"}
			}
		}
	],
	"display": {
		"thirdperson_righthand": {
			"rotation": [-90, 0, 180],
			"translation": [-5.75, -3.75, 35],
			"scale": [2.13, 2.13, 2.13]
		},
		"thirdperson_lefthand": {
			"rotation": [-91, -92, 179],
			"translation": [-5.75, -3.75, 35],
			"scale": [2.13, 2.13, 2.13]
		},
		"head": {
			"translation": [3, 21.75, -1.25],
			"scale": [4, 4, 4]
		}
	}
}