{
	"credit": "Made with Blockbench",
	"textures": {
		"0": "custom/elitecreatures/demons/clawred",
		"particle": "custom/elitecreatures/demons/clawred"
	},
	"elements": [
		{
			"from": [-8, 6, 7],
			"to": [12, 26, 7],
			"rotation": {"angle": 45, "axis": "z", "origin": [8, 22, 7]},
			"faces": {
				"north": {"uv": [16, 0, 0, 16], "rotation": 90, "texture": "#0"},
				"east": {"uv": [16, 0, 0, 0], "rotation": 270, "texture": "#0"},
				"south": {"uv": [0, 0, 16, 16], "rotation": 270, "texture": "#0"},
				"west": {"uv": [16, 0, 0, 0], "rotation": 270, "texture": "#0"},
				"up": {"uv": [0, 0, 0, 16], "rotation": 270, "texture": "#0"},
				"down": {"uv": [0, 0, 0, 16], "rotation": 270, "texture": "#0"}
			}
		}
	],
	"display": {
		"gui": {
			"translation": [0, -4.75, 0]
		},
		"head": {
			"translation": [0, -27.25, -3],
			"scale": [2, 2, 2]
		}
	}
}