{
	"credit": "Made with Blockbench",
	"textures": {
		"0": "custom/elitecreatures/demons/kisseff",
		"particle": "custom/elitecreatures/demons/kisseff"
	},
	"elements": [
		{
			"from": [-2, 3.51472, 7],
			"to": [18, 23.51472, 7],
			"rotation": {"angle": 0, "axis": "z", "origin": [8, 13.51472, 7]},
			"faces": {
				"north": {"uv": [16, 0, 0, 16], "texture": "#0"},
				"east": {"uv": [0, 0, 0, 16], "texture": "#0"},
				"south": {"uv": [0, 0, 16, 16], "texture": "#0"},
				"west": {"uv": [0, 0, 0, 16], "texture": "#0"},
				"up": {"uv": [16, 0, 0, 0], "texture": "#0"},
				"down": {"uv": [16, 0, 0, 0], "texture": "#0"}
			}
		}
	],
	"display": {
		"gui": {
			"translation": [0, -4.75, 0]
		},
		"head": {
			"translation": [0, -30.5, -1],
			"scale": [3, 3, 3]
		}
	}
}