{
	"credit": "Made with Blockbench",
	"texture_size": [128, 128],
	"textures": {
		"0": "custom/elitecreatures/demons/demonchest",
		"particle": "custom/elitecreatures/demons/demonchest"
	},
	"elements": [
		{
			"from": [2.85471, 6.8724, 2.65049],
			"to": [6.85471, 10.8724, 3.65049],
			"rotation": {"angle": 45, "axis": "z", "origin": [5.85, 10, 10.82549]},
			"faces": {
				"north": {"uv": [7, 0.625, 6.5, 1.125], "texture": "#0"},
				"east": {"uv": [6.46875, 3.875, 6.59375, 3.375], "texture": "#0"},
				"south": {"uv": [6.5, 0.625, 7, 1.125], "texture": "#0"},
				"west": {"uv": [6.59375, 3.875, 6.46875, 3.375], "texture": "#0"},
				"up": {"uv": [6.59375, 3.375, 6.46875, 3.875], "rotation": 90, "texture": "#0"},
				"down": {"uv": [6.46875, 3.375, 6.59375, 3.875], "rotation": 90, "texture": "#0"}
			}
		},
		{
			"from": [-3.69529, 0.2724, 2.85049],
			"to": [-1.69529, 2.2724, 3.35049],
			"rotation": {"angle": 45, "axis": "z", "origin": [5.85, 10, 10.82549]},
			"faces": {
				"north": {"uv": [10.4375, 3.8125, 10.1875, 3.5625], "texture": "#0"},
				"east": {"uv": [10.5, 3.5625, 10.40625, 3.8125], "texture": "#0"},
				"south": {"uv": [10.1875, 3.5625, 10.4375, 3.8125], "rotation": 270, "texture": "#0"},
				"west": {"uv": [10.40625, 3.5625, 10.5, 3.8125], "texture": "#0"},
				"up": {"uv": [10.40625, 3.5625, 10.5, 3.78125], "rotation": 90, "texture": "#0"},
				"down": {"uv": [10.5, 3.5625, 10.40625, 3.78125], "rotation": 90, "texture": "#0"}
			}
		},
		{
			"from": [5.47592, 2.25625, 2.75049],
			"to": [6.47592, 6.25625, 3.45049],
			"rotation": {"angle": 0, "axis": "y", "origin": [1.70092, 4.25625, 3.15049]},
			"faces": {
				"north": {"uv": [6.5625, 5.625, 6.6875, 5.125], "texture": "#0"},
				"east": {"uv": [6.65, 5.625, 6.5625, 5.125], "texture": "#0"},
				"south": {"uv": [6.5625, 5.625, 6.6875, 5.125], "texture": "#0"},
				"west": {"uv": [6.65, 5.625, 6.5625, 5.125], "texture": "#0"},
				"up": {"uv": [6.46875, 3.875, 6.59375, 3.375], "rotation": 270, "texture": "#0"},
				"down": {"uv": [6.59375, 3.875, 6.46875, 3.375], "rotation": 270, "texture": "#0"}
			}
		},
		{
			"from": [5.47592, -1.25625, 2.75049],
			"to": [6.47592, 2.74375, 3.45049],
			"rotation": {"angle": 0, "axis": "y", "origin": [1.70092, 11.74375, 3.15049]},
			"faces": {
				"north": {"uv": [6.5625, 5.125, 6.6875, 5.625], "texture": "#0"},
				"east": {"uv": [6.65, 5.125, 6.5625, 5.625], "texture": "#0"},
				"south": {"uv": [6.5625, 5.125, 6.6875, 5.625], "texture": "#0"},
				"west": {"uv": [6.65, 5.125, 6.5625, 5.625], "texture": "#0"},
				"up": {"uv": [6.46875, 3.875, 6.59375, 3.375], "rotation": 270, "texture": "#0"},
				"down": {"uv": [6.675, 3.69688, 6.5875, 3.57188], "rotation": 270, "texture": "#0"}
			}
		},
		{
			"from": [0.98988, 6.62021, 3.15049],
			"to": [10.98988, 10.62021, 3.15049],
			"rotation": {"angle": 22.5, "axis": "z", "origin": [5.96072, 8.53182, 3.15049]},
			"faces": {
				"north": {"uv": [12.34375, 5.125, 13.59375, 5.625], "texture": "#0"},
				"east": {"uv": [6.5, 3.375, 8.375, 3.875], "texture": "#0"},
				"south": {"uv": [13.59375, 5.125, 12.34375, 5.625], "texture": "#0"},
				"west": {"uv": [8.375, 3.375, 6.5, 3.875], "texture": "#0"},
				"up": {"uv": [8.375, 3.375, 6.5, 3.875], "rotation": 90, "texture": "#0"},
				"down": {"uv": [6.5, 3.375, 8.375, 3.875], "rotation": 90, "texture": "#0"}
			}
		},
		{
			"from": [3.91884, 3.61494, 3.15049],
			"to": [7.91884, 13.61494, 3.15049],
			"rotation": {"angle": -22.5, "axis": "z", "origin": [5.96072, 8.53182, 3.15049]},
			"faces": {
				"north": {"uv": [12.34375, 5.125, 13.59375, 5.625], "rotation": 90, "texture": "#0"},
				"east": {"uv": [6.5, 3.375, 8.375, 3.875], "texture": "#0"},
				"south": {"uv": [13.59375, 5.125, 12.34375, 5.625], "rotation": 270, "texture": "#0"},
				"west": {"uv": [8.375, 3.375, 6.5, 3.875], "texture": "#0"},
				"up": {"uv": [6.5, 3.375, 8.375, 3.875], "rotation": 270, "texture": "#0"},
				"down": {"uv": [8.375, 3.375, 6.5, 3.875], "rotation": 270, "texture": "#0"}
			}
		},
		{
			"from": [1.16884, 6.61494, 3.15049],
			"to": [11.16884, 10.61494, 3.15049],
			"rotation": {"angle": -22.5, "axis": "z", "origin": [5.96072, 8.53182, 3.15049]},
			"faces": {
				"north": {"uv": [12.34375, 5.125, 13.59375, 5.625], "texture": "#0"},
				"east": {"uv": [6.5, 3.375, 8.375, 3.875], "texture": "#0"},
				"south": {"uv": [13.59375, 5.125, 12.34375, 5.625], "texture": "#0"},
				"west": {"uv": [8.375, 3.375, 6.5, 3.875], "texture": "#0"},
				"up": {"uv": [8.375, 3.375, 6.5, 3.875], "rotation": 90, "texture": "#0"},
				"down": {"uv": [6.5, 3.375, 8.375, 3.875], "rotation": 90, "texture": "#0"}
			}
		},
		{
			"from": [3.75479, 3.58988, 3.15049],
			"to": [7.75479, 13.58988, 3.15049],
			"rotation": {"angle": 22.5, "axis": "z", "origin": [5.96072, 8.53182, 3.15049]},
			"faces": {
				"north": {"uv": [12.34375, 5.125, 13.59375, 5.625], "rotation": 90, "texture": "#0"},
				"east": {"uv": [6.5, 3.375, 8.375, 3.875], "texture": "#0"},
				"south": {"uv": [13.59375, 5.125, 12.34375, 5.625], "rotation": 270, "texture": "#0"},
				"west": {"uv": [8.375, 3.375, 6.5, 3.875], "texture": "#0"},
				"up": {"uv": [6.5, 3.375, 8.375, 3.875], "rotation": 270, "texture": "#0"},
				"down": {"uv": [8.375, 3.375, 6.5, 3.875], "rotation": 270, "texture": "#0"}
			}
		},
		{
			"from": [3.47592, 1.74375, 2.85049],
			"to": [5.47592, 2.74375, 3.35049],
			"rotation": {"angle": 0, "axis": "y", "origin": [1.70092, 11.74375, 3.15049]},
			"faces": {
				"north": {"uv": [7.8125, 9.9375, 7.9375, 10.1875], "rotation": 90, "texture": "#0"},
				"east": {"uv": [6.65, 5.125, 6.5625, 5.625], "texture": "#0"},
				"south": {"uv": [7.8125, 10.1875, 7.9375, 9.9375], "rotation": 90, "texture": "#0"},
				"west": {"uv": [7.8125, 9.9375, 7.9375, 10], "rotation": 90, "texture": "#0"},
				"up": {"uv": [8.03125, 9.875, 8.09375, 10.125], "rotation": 90, "texture": "#0"},
				"down": {"uv": [7.90625, 9.875, 7.96875, 10.125], "rotation": 90, "texture": "#0"}
			}
		},
		{
			"from": [3.47592, -0.25625, 2.85049],
			"to": [5.47592, 0.74375, 3.35049],
			"rotation": {"angle": 0, "axis": "y", "origin": [1.70092, 11.74375, 3.15049]},
			"faces": {
				"north": {"uv": [7.8125, 9.9375, 7.9375, 10.1875], "rotation": 90, "texture": "#0"},
				"east": {"uv": [6.65, 5.125, 6.5625, 5.625], "texture": "#0"},
				"south": {"uv": [7.8125, 10.1875, 7.9375, 9.9375], "rotation": 90, "texture": "#0"},
				"west": {"uv": [7.8125, 9.9375, 7.9375, 10], "rotation": 90, "texture": "#0"},
				"up": {"uv": [8.03125, 9.875, 8.09375, 10.125], "rotation": 90, "texture": "#0"},
				"down": {"uv": [7.90625, 9.875, 7.96875, 10.125], "rotation": 90, "texture": "#0"}
			}
		}
	],
	"gui_light": "front",
	"display": {
		"thirdperson_righthand": {
			"rotation": [147, -94, 0],
			"translation": [-3.5, -0.25, -1.75],
			"scale": [0.72461, 0.72461, 0.72461]
		},
		"thirdperson_lefthand": {
			"rotation": [147, -94, 0],
			"translation": [-3.5, -0.25, -1.75],
			"scale": [0.72461, 0.72461, 0.72461]
		},
		"firstperson_righthand": {
			"rotation": [65.81, -82.35, -41.25],
			"translation": [-3.5, 0, 0]
		},
		"firstperson_lefthand": {
			"rotation": [65.81, -82.35, -41.25],
			"translation": [-3.5, 3.25, 0]
		},
		"ground": {
			"rotation": [70, 0, 0],
			"translation": [2.25, -3.25, 3.25],
			"scale": [0.93359, 0.93359, 0.93359]
		},
		"gui": {
			"rotation": [0, 180, -31],
			"translation": [-3, 1.25, 0],
			"scale": [0.92969, 0.92969, 0.92969]
		},
		"fixed": {
			"translation": [3.25, 7, 8],
			"scale": [2.01563, 2.01563, 2.01563]
		}
	},
	"groups": [
		{
			"name": "chest",
			"origin": [-0.13854, 5.46887, 4.53941],
			"color": 0,
			"boneType": "",
			"children": [
				{
					"name": "topchest",
					"origin": [-0.13662, 6.09816, 4.40023],
					"color": 0,
					"boneType": "",
					"children": [
						{
							"name": "horn",
							"origin": [-0.15, 9.5, -0.92451],
							"rotation": [22.5, 0, 0],
							"color": 0,
							"boneType": "",
							"children": []
						},
						0,
						1,
						2,
						3,
						4,
						5,
						6,
						7
					]
				},
				{
					"name": "bottomchest",
					"origin": [0, 4.06096, -0.04177],
					"color": 0,
					"boneType": "",
					"children": []
				},
				{
					"name": "coins",
					"origin": [0.625, 10.3, -4.125],
					"color": 0,
					"boneType": "",
					"children": []
				}
			]
		},
		8,
		9
	]
}