{
	"credit": "Made with Blockbench",
	"texture_size": [32, 32],
	"textures": {
		"1": "custom/elitecreatures/demons/demonball"
	},
	"elements": [
		{
			"from": [-2.8438, -5.5968, -2.8438],
			"to": [17.0948, 14.3418, 17.0948],
			"rotation": {"angle": 0, "axis": "y", "origin": [-22.7824, -5.5968, -20.54368]},
			"faces": {
				"north": {"uv": [0, 0, 2.5, 2.5], "texture": "#1"},
				"east": {"uv": [0, 2.5, 2.5, 5], "texture": "#1"},
				"south": {"uv": [2.5, 0, 5, 2.5], "texture": "#1"},
				"west": {"uv": [2.5, 2.5, 5, 5], "texture": "#1"},
				"up": {"uv": [2.5, 7.5, 0, 5], "texture": "#1"},
				"down": {"uv": [7.5, 0, 5, 2.5], "texture": "#1"}
			}
		},
		{
			"from": [-0.84994, -7.59066, -0.84994],
			"to": [15.10094, 16.33566, 15.10094],
			"rotation": {"angle": 0, "axis": "y", "origin": [7.1255, 4.3725, 5.3765]},
			"faces": {
				"north": {"uv": [8.5, 5, 10.5, 8], "texture": "#1"},
				"east": {"uv": [5.5, 8.5, 7.5, 11.5], "texture": "#1"},
				"south": {"uv": [7.5, 8.5, 9.5, 11.5], "texture": "#1"},
				"west": {"uv": [2, 9, 4, 12], "texture": "#1"},
				"up": {"uv": [12.5, 4, 10.5, 2], "texture": "#1"},
				"down": {"uv": [12.5, 4, 10.5, 6], "texture": "#1"}
			}
		},
		{
			"from": [-0.84994, -3.60294, -4.83766],
			"to": [15.10094, 12.34794, 19.08866],
			"rotation": {"angle": 0, "axis": "x", "origin": [7.1255, 4.3725, 5.3765]},
			"faces": {
				"north": {"uv": [0, 10.5, 2, 12.5], "texture": "#1"},
				"east": {"uv": [2.5, 7, 5.5, 9], "texture": "#1"},
				"south": {"uv": [10.5, 0, 12.5, 2], "texture": "#1"},
				"west": {"uv": [7.5, 0, 10.5, 2], "texture": "#1"},
				"up": {"uv": [2, 10.5, 0, 7.5], "texture": "#1"},
				"down": {"uv": [10.5, 2, 8.5, 5], "texture": "#1"}
			}
		},
		{
			"from": [-4.83766, -3.60294, -0.84994],
			"to": [19.08866, 12.34794, 15.10094],
			"rotation": {"angle": 0, "axis": "y", "origin": [7.1255, 4.3725, 5.3765]},
			"faces": {
				"north": {"uv": [2.5, 5, 5.5, 7], "texture": "#1"},
				"east": {"uv": [9.5, 8, 11.5, 10], "texture": "#1"},
				"south": {"uv": [5, 2.5, 8, 4.5], "texture": "#1"},
				"west": {"uv": [9.5, 10, 11.5, 12], "texture": "#1"},
				"up": {"uv": [8.5, 6.5, 5.5, 4.5], "texture": "#1"},
				"down": {"uv": [8.5, 6.5, 5.5, 8.5], "texture": "#1"}
			}
		}
	],
	"display": {
		"thirdperson_righthand": {
			"translation": [1.5, 23, 0],
			"scale": [4, 4, 4]
		},
		"thirdperson_lefthand": {
			"translation": [1.5, 23, 0],
			"scale": [4, 4, 4]
		},
		"ground": {
			"translation": [2, 29.25, 4.5],
			"scale": [4, 4, 4]
		},
		"gui": {
			"translation": [0.5, 2.75, 0]
		},
		"head": {
			"translation": [1.75, 25.75, 3],
			"scale": [4, 4, 4]
		},
		"fixed": {
			"translation": [0, 5.25, 0]
		}
	}
}