{
	"credit": "Made with Blockbench",
	"texture_size": [256, 256],
	"textures": {
		"16": "custom/elitecreatures/demons/bossdemon"
	},
	"elements": [
		{
			"from": [7.58, 0.85207, 5.00658],
			"to": [8.42, 4.63207, 10.28658],
			"rotation": {"angle": 0, "axis": "y", "origin": [8, 2.74207, 7.64658]},
			"faces": {
				"north": {"uv": [6.4375, 7, 6.53125, 7.39063], "texture": "#16"},
				"east": {"uv": [6.0625, 5.25, 6.60938, 5.64063], "texture": "#16"},
				"south": {"uv": [1.25, 8.1875, 1.34375, 8.57813], "texture": "#16"},
				"west": {"uv": [0, 6.125, 0.54688, 6.51563], "texture": "#16"},
				"up": {"uv": [1.78125, 8.67188, 1.6875, 8.125], "texture": "#16"},
				"down": {"uv": [2.78125, 8.125, 2.6875, 8.67188], "texture": "#16"}
			}
		},
		{
			"from": [8, -1.54793, 5.60658],
			"to": [8, 4.21207, 17.42658],
			"rotation": {"angle": 0, "axis": "y", "origin": [8, 1.33207, 11.51658]},
			"faces": {
				"north": {"uv": [0, 0, 0, 0.59375], "texture": "#16"},
				"east": {"uv": [2.625, 3.5, 3.85938, 4.09375], "texture": "#16"},
				"south": {"uv": [0, 0, 0, 0.59375], "texture": "#16"},
				"west": {"uv": [3.75, 0, 4.98438, 0.59375], "texture": "#16"},
				"up": {"uv": [0, 1.23438, 0, 0], "texture": "#16"},
				"down": {"uv": [0, 0, 0, 1.23438], "texture": "#16"}
			}
		},
		{
			"from": [7.64, 2.41207, 8.42658],
			"to": [8.36, 3.19207, 15.50658],
			"rotation": {"angle": 0, "axis": "y", "origin": [8, 2.80207, 11.96658]},
			"faces": {
				"north": {"uv": [8.5625, 3.5, 8.64063, 3.57813], "texture": "#16"},
				"east": {"uv": [8.0625, 3.25, 8.79688, 3.32813], "texture": "#16"},
				"south": {"uv": [8.5625, 3.625, 8.64063, 3.70313], "texture": "#16"},
				"west": {"uv": [8.0625, 5.5, 8.79688, 5.57813], "texture": "#16"},
				"up": {"uv": [7.39063, 8.67188, 7.3125, 7.9375], "texture": "#16"},
				"down": {"uv": [0.07813, 8.125, 0, 8.85938], "texture": "#16"}
			}
		},
		{
			"from": [7.64, 1.21207, -1.65342],
			"to": [8.36, 4.39207, 10.22658],
			"rotation": {"angle": 0, "axis": "y", "origin": [8, 2.80207, 4.28658]},
			"faces": {
				"north": {"uv": [7.75, 8.3125, 7.82813, 8.64063], "texture": "#16"},
				"east": {"uv": [2.625, 4.875, 3.85938, 5.20313], "texture": "#16"},
				"south": {"uv": [7.875, 8.3125, 7.95313, 8.64063], "texture": "#16"},
				"west": {"uv": [3.875, 4.875, 5.10938, 5.20313], "texture": "#16"},
				"up": {"uv": [3.26563, 8.73438, 3.1875, 7.5], "texture": "#16"},
				"down": {"uv": [7.51563, 7.5625, 7.4375, 8.79688], "texture": "#16"}
			}
		},
		{
			"from": [7.58, 1.20537, -2.62369],
			"to": [8.42, 4.38537, 0.55631],
			"rotation": {"angle": 45, "axis": "x", "origin": [8, 2.79537, -1.03369]},
			"faces": {
				"north": {"uv": [4.5625, 2.875, 4.65625, 3.20313], "texture": "#16"},
				"east": {"uv": [0.875, 7.4375, 1.20313, 7.76563], "texture": "#16"},
				"south": {"uv": [6, 8.1875, 6.09375, 8.51563], "texture": "#16"},
				"west": {"uv": [4.25, 7.4375, 4.57813, 7.76563], "texture": "#16"},
				"up": {"uv": [5.40625, 8.57813, 5.3125, 8.25], "texture": "#16"},
				"down": {"uv": [5.53125, 8.25, 5.4375, 8.57813], "texture": "#16"}
			}
		}
	],
	"gui_light": "front",
	"display": {
		"thirdperson_righthand": {
			"rotation": [90, 0, 0],
			"translation": [0, 2.75, 7],
			"scale": [1.2, 1.2, 1.2]
		},
		"thirdperson_lefthand": {
			"rotation": [90, 0, 0],
			"translation": [0, 2.75, 7],
			"scale": [1.2, 1.2, 1.2]
		},
		"firstperson_righthand": {
			"rotation": [106, 7, 0],
			"translation": [10, 1, 0.25],
			"scale": [1.2, 1.2, 1.2]
		},
		"firstperson_lefthand": {
			"rotation": [106, 7, 0],
			"translation": [10, 1, 0.25],
			"scale": [1.2, 1.2, 1.2]
		},
		"ground": {
			"rotation": [0, 0, 90],
			"translation": [-4.25, -1, 0],
			"scale": [1.2, 1.2, 1.2]
		},
		"gui": {
			"rotation": [90, 45, 90],
			"translation": [-3, -4.25, 0]
		},
		"fixed": {
			"rotation": [90, 0, 90],
			"translation": [-5.5, -1, -1.5]
		}
	},
	"groups": [
		{
			"name": "righthand",
			"origin": [1.06547, 6.54207, 10.2],
			"color": 0,
			"boneType": "",
			"children": [0, 1, 2, 3, 4]
		}
	]
}