{
	"credit": "Made with Blockbench",
	"texture_size": [64, 64],
	"textures": {
		"3": "custom/elitecreatures/demons/demonflying"
	},
	"elements": [
		{
			"from": [7.09158, 0.49258, 6.32094],
			"to": [12.81158, 2.93658, 6.32094],
			"rotation": {"angle": 0, "axis": "y", "origin": [9.95158, 1.71458, 6.32094]},
			"faces": {
				"north": {"uv": [1.75, 3.5, 4.5, 4.6875], "texture": "#3"},
				"east": {"uv": [0, 0, 0, 1.1875], "texture": "#3"},
				"south": {"uv": [4.5, 3.5, 1.75, 4.6875], "texture": "#3"},
				"west": {"uv": [0, 0, 0, 1.1875], "texture": "#3"},
				"up": {"uv": [2.75, 0, 0, 0], "texture": "#3"},
				"down": {"uv": [2.75, 0, 0, 0], "texture": "#3"}
			}
		},
		{
			"from": [10.73158, 2.72858, 6.11294],
			"to": [12.81158, 3.30058, 6.58094],
			"rotation": {"angle": 0, "axis": "y", "origin": [11.77158, 3.01458, 6.34694]},
			"faces": {
				"north": {"uv": [12.25, 1.25, 13.25, 1.5], "texture": "#3"},
				"east": {"uv": [6.5, 3, 6.75, 3.25], "texture": "#3"},
				"south": {"uv": [12.25, 5.5, 13.25, 5.75], "texture": "#3"},
				"west": {"uv": [4.25, 8.75, 4.5, 9], "texture": "#3"},
				"up": {"uv": [13.25, 7.75, 12.25, 7.5], "texture": "#3"},
				"down": {"uv": [13.25, 7.75, 12.25, 8], "texture": "#3"}
			}
		},
		{
			"from": [7.09158, 2.93658, 6.16494],
			"to": [10.73158, 3.30058, 6.47694],
			"rotation": {"angle": 0, "axis": "y", "origin": [8.91158, 3.11858, 6.32094]},
			"faces": {
				"north": {"uv": [11.5, 5.75, 13.25, 5.9375], "texture": "#3"},
				"east": {"uv": [1.75, 14, 1.875, 14.1875], "texture": "#3"},
				"south": {"uv": [11.75, 9.75, 13.5, 9.9375], "texture": "#3"},
				"west": {"uv": [14, 1.75, 14.125, 1.9375], "texture": "#3"},
				"up": {"uv": [14, 12.375, 12.25, 12.25], "texture": "#3"},
				"down": {"uv": [14.25, 9, 12.5, 9.125], "texture": "#3"}
			}
		},
		{
			"from": [5.58358, 0.49258, 6.32094],
			"to": [7.09158, 5.22458, 6.32094],
			"rotation": {"angle": 0, "axis": "y", "origin": [6.33758, 2.85858, 6.32094]},
			"faces": {
				"north": {"uv": [6.75, 0, 7.5, 2.25], "texture": "#3"},
				"east": {"uv": [0, 0, 0, 2.25], "texture": "#3"},
				"south": {"uv": [7.5, 0, 6.75, 2.25], "texture": "#3"},
				"west": {"uv": [0, 0, 0, 2.25], "texture": "#3"},
				"up": {"uv": [0.75, 0, 0, 0], "texture": "#3"},
				"down": {"uv": [0.75, 0, 0, 0], "texture": "#3"}
			}
		},
		{
			"from": [4.7895, 0.32428, 6.21694],
			"to": [4.9975, 2.92428, 6.42494],
			"rotation": {"angle": 0, "axis": "y", "origin": [4.8935, 1.62428, 6.32094]},
			"faces": {
				"north": {"uv": [2.75, 12.25, 2.875, 13.5], "texture": "#3"},
				"east": {"uv": [8.25, 12.5, 8.375, 13.75], "texture": "#3"},
				"south": {"uv": [11.25, 12.5, 11.375, 13.75], "texture": "#3"},
				"west": {"uv": [1, 12.75, 1.125, 14], "texture": "#3"},
				"up": {"uv": [14.125, 7.125, 14, 7], "texture": "#3"},
				"down": {"uv": [7.375, 14, 7.25, 14.125], "texture": "#3"}
			}
		},
		{
			"from": [1.94358, 0.49258, 6.32094],
			"to": [5.58358, 7.40858, 6.32094],
			"rotation": {"angle": 0, "axis": "y", "origin": [3.76358, 3.95058, 6.32094]},
			"faces": {
				"north": {"uv": [0, 0, 1.75, 3.3125], "texture": "#3"},
				"east": {"uv": [0, 0, 0, 3.3125], "texture": "#3"},
				"south": {"uv": [1.75, 0, 0, 3.3125], "texture": "#3"},
				"west": {"uv": [0, 0, 0, 3.3125], "texture": "#3"},
				"up": {"uv": [1.75, 0, 0, 0], "texture": "#3"},
				"down": {"uv": [1.75, 0, 0, 0], "texture": "#3"}
			}
		},
		{
			"from": [3.99093, 5.3582, 6.24294],
			"to": [5.91493, 5.6182, 6.39894],
			"rotation": {"angle": -45, "axis": "z", "origin": [4.95293, 5.4882, 6.32094]},
			"faces": {
				"north": {"uv": [13.25, 2.75, 14.1875, 2.875], "texture": "#3"},
				"east": {"uv": [13.75, 14, 13.8125, 14.125], "texture": "#3"},
				"south": {"uv": [13.25, 4.5, 14.1875, 4.625], "texture": "#3"},
				"west": {"uv": [14, 13.75, 14.0625, 13.875], "texture": "#3"},
				"up": {"uv": [14.6875, 0.5625, 13.75, 0.5], "texture": "#3"},
				"down": {"uv": [14.6875, 0.75, 13.75, 0.8125], "texture": "#3"}
			}
		},
		{
			"from": [2.32398, 6.45827, 6.26894],
			"to": [4.40398, 6.66627, 6.37294],
			"rotation": {"angle": -22.5, "axis": "z", "origin": [3.36398, 6.56227, 6.32094]},
			"faces": {
				"north": {"uv": [13, 5.25, 14, 5.375], "texture": "#3"},
				"east": {"uv": [13.5, 14, 13.5625, 14.125], "texture": "#3"},
				"south": {"uv": [13, 6, 14, 6.125], "texture": "#3"},
				"west": {"uv": [14, 13.5, 14.0625, 13.625], "texture": "#3"},
				"up": {"uv": [14.5, 7.3125, 13.5, 7.25], "texture": "#3"},
				"down": {"uv": [9.5, 13.5, 8.5, 13.5625], "texture": "#3"}
			}
		},
		{
			"from": [3.76107, 4.52152, 6.21694],
			"to": [5.58107, 4.78152, 6.42494],
			"rotation": {"angle": 0, "axis": "y", "origin": [4.67107, 4.65152, 6.32094]},
			"faces": {
				"north": {"uv": [13.25, 5.75, 14.125, 5.875], "texture": "#3"},
				"east": {"uv": [14, 6.75, 14.125, 6.875], "texture": "#3"},
				"south": {"uv": [6.75, 13.25, 7.625, 13.375], "texture": "#3"},
				"west": {"uv": [7, 14, 7.125, 14.125], "texture": "#3"},
				"up": {"uv": [14.125, 7.625, 13.25, 7.5], "texture": "#3"},
				"down": {"uv": [14.125, 7.75, 13.25, 7.875], "texture": "#3"}
			}
		},
		{
			"from": [1.80004, 4.18345, 6.26894],
			"to": [3.88004, 4.39145, 6.37294],
			"rotation": {"angle": 22.5, "axis": "z", "origin": [2.84004, 4.28745, 6.32094]},
			"faces": {
				"north": {"uv": [13, 4.25, 14, 4.375], "texture": "#3"},
				"east": {"uv": [13.25, 14, 13.3125, 14.125], "texture": "#3"},
				"south": {"uv": [13, 5, 14, 5.125], "texture": "#3"},
				"west": {"uv": [14, 13.25, 14.0625, 13.375], "texture": "#3"},
				"up": {"uv": [14.5, 1.0625, 13.5, 1], "texture": "#3"},
				"down": {"uv": [7.75, 13.5, 6.75, 13.5625], "texture": "#3"}
			}
		},
		{
			"from": [5.14577, 2.79135, 6.19094],
			"to": [5.45777, 4.71535, 6.45094],
			"rotation": {"angle": -22.5, "axis": "z", "origin": [5.30177, 3.75335, 6.32094]},
			"faces": {
				"north": {"uv": [4.75, 13, 4.875, 13.9375], "texture": "#3"},
				"east": {"uv": [11, 13, 11.125, 13.9375], "texture": "#3"},
				"south": {"uv": [3.5, 13.25, 3.625, 14.1875], "texture": "#3"},
				"west": {"uv": [3.75, 13.25, 3.875, 14.1875], "texture": "#3"},
				"up": {"uv": [6.625, 14.125, 6.5, 14], "texture": "#3"},
				"down": {"uv": [14.125, 6.5, 14, 6.625], "texture": "#3"}
			}
		},
		{
			"from": [5.40811, 3.6339, 6.21694],
			"to": [7.48811, 3.8939, 6.42494],
			"rotation": {"angle": -45, "axis": "z", "origin": [6.44811, 3.7639, 6.32094]},
			"faces": {
				"north": {"uv": [13, 3.5, 14, 3.625], "texture": "#3"},
				"east": {"uv": [6.25, 14, 6.375, 14.125], "texture": "#3"},
				"south": {"uv": [3.75, 13, 4.75, 13.125], "texture": "#3"},
				"west": {"uv": [14, 6.25, 14.125, 6.375], "texture": "#3"},
				"up": {"uv": [14, 3.875, 13, 3.75], "texture": "#3"},
				"down": {"uv": [14, 4, 13, 4.125], "texture": "#3"}
			}
		}
	],
	"gui_light": "front",
	"display": {
		"thirdperson_righthand": {
			"translation": [1, 5, 2.25]
		},
		"thirdperson_lefthand": {
			"translation": [1, 5, 2.25]
		},
		"firstperson_righthand": {
			"translation": [7, 4.5, 0]
		},
		"firstperson_lefthand": {
			"rotation": [0, -180, 0],
			"translation": [2.75, 7.75, 0]
		},
		"ground": {
			"rotation": [90, 0, 0],
			"translation": [0, -5.5, 4.25],
			"scale": [1.2, 1.2, 1.2]
		},
		"gui": {
			"rotation": [0, 0, -25],
			"translation": [2.75, 5.25, 0],
			"scale": [1.4, 1.4, 1.4]
		},
		"fixed": {
			"translation": [0, 9, 0],
			"scale": [1.5, 1.5, 1.5]
		}
	},
	"groups": [
		{
			"name": "leftwing",
			"origin": [4.82412, 3.03517, 0.32094],
			"color": 0,
			"boneType": "",
			"children": [
				0,
				1,
				2,
				{
					"name": "leftwingmid",
					"origin": [-4.6413, 0.74301, -0.79311],
					"color": 0,
					"boneType": "",
					"children": [3, 4, 5, 6, 7, 8, 9, 10, 11]
				}
			]
		}
	]
}