{
	"credit": "Made with Blockbench",
	"texture_size": [128, 128],
	"textures": {
		"0": "custom/elitecreatures/demons/demonground"
	},
	"elements": [
		{
			"from": [9.06772, 4.32064, 5.76622],
			"to": [10.26772, 8.34064, 7.98622],
			"rotation": {"angle": 0, "axis": "y", "origin": [0.66772, 3.25621, 0.02929]},
			"faces": {
				"north": {"uv": [1.25, 5.25, 1, 6.09375], "texture": "#0"},
				"east": {"uv": [3.96875, 3.5, 3.5, 4.34375], "texture": "#0"},
				"south": {"uv": [1.5, 5.25, 1.25, 6.09375], "texture": "#0"},
				"west": {"uv": [3.46875, 3.5, 3, 4.34375], "texture": "#0"},
				"up": {"uv": [0.75, 6.84375, 1, 6.375], "texture": "#0"},
				"down": {"uv": [5.75, 6.375, 6, 6.84375], "texture": "#0"}
			}
		},
		{
			"from": [9.66772, 3.24064, 5.88622],
			"to": [10.38772, 4.74064, 6.42622],
			"rotation": {"angle": 0, "axis": "y", "origin": [1.02772, 3.97621, -2.31071]},
			"faces": {
				"north": {"uv": [7.53125, 7.25, 7.375, 7.5625], "texture": "#0"},
				"east": {"uv": [7.625, 6.125, 7.5, 6.4375], "texture": "#0"},
				"south": {"uv": [0.15625, 7.5, 0, 7.8125], "texture": "#0"},
				"west": {"uv": [5, 7.5, 4.875, 7.8125], "texture": "#0"},
				"up": {"uv": [7.75, 1.375, 7.90625, 1.25], "texture": "#0"},
				"down": {"uv": [7.75, 1.375, 7.90625, 1.5], "texture": "#0"}
			}
		},
		{
			"from": [9.66772, 2.88064, 6.66622],
			"to": [10.38772, 4.74064, 7.20622],
			"rotation": {"angle": 0, "axis": "y", "origin": [1.02772, 3.19621, -2.49071]},
			"faces": {
				"north": {"uv": [2.15625, 7.375, 2, 7.75], "texture": "#0"},
				"east": {"uv": [1.5, 6.125, 1.375, 6.5], "texture": "#0"},
				"south": {"uv": [2.40625, 7.375, 2.25, 7.75], "texture": "#0"},
				"west": {"uv": [5.75, 5, 5.625, 5.375], "texture": "#0"},
				"up": {"uv": [1.625, 7.875, 1.78125, 7.75], "texture": "#0"},
				"down": {"uv": [1.875, 7.75, 2.03125, 7.875], "texture": "#0"}
			}
		},
		{
			"from": [8.97031, 3.69761, 6.90622],
			"to": [9.51031, 6.75761, 7.02622],
			"rotation": {"angle": -22.5, "axis": "z", "origin": [0.35264, 3.16621, -4.63181]},
			"faces": {
				"north": {"uv": [6.875, 6.625, 7, 7.25], "texture": "#0"},
				"east": {"uv": [2.28125, 7.75, 2.25, 8.375], "texture": "#0"},
				"south": {"uv": [7, 6.625, 6.875, 7.25], "texture": "#0"},
				"west": {"uv": [2.15625, 7.75, 2.125, 8.375], "texture": "#0"},
				"up": {"uv": [7.75, 6.03125, 7.875, 6], "texture": "#0"},
				"down": {"uv": [7.75, 7, 7.875, 7.03125], "texture": "#0"}
			}
		},
		{
			"from": [9.28978, 4.67154, 6.12622],
			"to": [9.82978, 7.13154, 6.24622],
			"rotation": {"angle": -22.5, "axis": "z", "origin": [0.62817, 3.94621, -3.96662]},
			"faces": {
				"north": {"uv": [0.375, 7.25, 0.5, 7.75], "texture": "#0"},
				"east": {"uv": [3.65625, 7.75, 3.625, 8.25], "texture": "#0"},
				"south": {"uv": [0.5, 7.25, 0.375, 7.75], "texture": "#0"},
				"west": {"uv": [3.53125, 7.75, 3.5, 8.25], "texture": "#0"},
				"up": {"uv": [0.5, 7.90625, 0.625, 7.875], "texture": "#0"},
				"down": {"uv": [0.625, 7.875, 0.75, 7.90625], "texture": "#0"}
			}
		},
		{
			"from": [8.54157, 5.65639, 7.62622],
			"to": [9.08157, 7.03639, 7.74622],
			"rotation": {"angle": -22.5, "axis": "z", "origin": [0.68555, 2.44621, -3.36153]},
			"faces": {
				"north": {"uv": [3, 7.625, 2.875, 7.90625], "texture": "#0"},
				"east": {"uv": [7.78125, 6.375, 7.75, 6.65625], "texture": "#0"},
				"south": {"uv": [7.75, 3.125, 7.625, 3.40625], "texture": "#0"},
				"west": {"uv": [7.78125, 5.625, 7.75, 5.90625], "texture": "#0"},
				"up": {"uv": [7.875, 0.65625, 8, 0.625], "texture": "#0"},
				"down": {"uv": [7.875, 0.75, 8, 0.78125], "texture": "#0"}
			}
		},
		{
			"from": [9.66772, 3.48064, 7.38622],
			"to": [10.38772, 4.74064, 7.92622],
			"rotation": {"angle": 0, "axis": "y", "origin": [1.02772, 2.47621, -2.19071]},
			"faces": {
				"north": {"uv": [7.78125, 0, 7.625, 0.25], "texture": "#0"},
				"east": {"uv": [1.125, 6.375, 1, 6.625], "texture": "#0"},
				"south": {"uv": [7.78125, 0.25, 7.625, 0.5], "texture": "#0"},
				"west": {"uv": [6.375, 0.625, 6.25, 0.875], "texture": "#0"},
				"up": {"uv": [7.75, 2.375, 7.90625, 2.25], "texture": "#0"},
				"down": {"uv": [2.375, 7.75, 2.53125, 7.875], "texture": "#0"}
			}
		},
		{
			"from": [9.09772, 9.4888, 1.08428],
			"to": [10.23772, 11.0488, 2.64428],
			"rotation": {"angle": 45, "axis": "x", "origin": [0.66772, 3.26313, 2.03929]},
			"faces": {
				"north": {"uv": [6.375, 6.875, 6.125, 7.1875], "texture": "#0"},
				"east": {"uv": [6.8125, 4.125, 6.5, 4.4375], "texture": "#0"},
				"south": {"uv": [7.125, 6.25, 6.875, 6.5625], "texture": "#0"},
				"west": {"uv": [6.8125, 3.25, 6.5, 3.5625], "texture": "#0"},
				"up": {"uv": [6.375, 7.1875, 6.625, 6.875], "texture": "#0"},
				"down": {"uv": [6.625, 6.875, 6.875, 7.1875], "texture": "#0"}
			}
		},
		{
			"from": [9.57772, 8.25124, 4.50462],
			"to": [9.69772, 11.67124, 5.34462],
			"rotation": {"angle": 22.5, "axis": "x", "origin": [0.63772, 2.62527, 1.97128]},
			"faces": {
				"north": {"uv": [7.65625, 6.375, 7.625, 7.09375], "texture": "#0"},
				"east": {"uv": [0.4375, 6.125, 0.25, 6.84375], "texture": "#0"},
				"south": {"uv": [6.53125, 7.625, 6.5, 8.34375], "texture": "#0"},
				"west": {"uv": [0.1875, 6.125, 0, 6.84375], "texture": "#0"},
				"up": {"uv": [0.25, 8.0625, 0.28125, 7.875], "texture": "#0"},
				"down": {"uv": [7.875, 0.25, 7.90625, 0.4375], "texture": "#0"}
			}
		}
	],
	"gui_light": "front",
	"display": {
		"thirdperson_righthand": {
			"rotation": [-180, 0, 0],
			"translation": [-1.5, 1, 0],
			"scale": [1.5, 1.5, 1.5]
		},
		"thirdperson_lefthand": {
			"rotation": [-180, -180, 0],
			"translation": [-2.25, 1, 3],
			"scale": [1.5, 1.5, 1.5]
		},
		"firstperson_righthand": {
			"rotation": [-131.09, 61.28, -59.86],
			"translation": [3.5, 1.75, 0]
		},
		"firstperson_lefthand": {
			"rotation": [-180, -109, 17],
			"translation": [-1.75, 3, 3]
		},
		"ground": {
			"rotation": [90, 90, 0],
			"translation": [0, -5, 0],
			"scale": [1.5, 1.5, 1.5]
		},
		"gui": {
			"rotation": [-90, 45, -90],
			"translation": [4.75, -3, 0],
			"scale": [2, 2, 2]
		},
		"fixed": {
			"rotation": [90, -90, -90],
			"translation": [-2.5, -5, 1.25],
			"scale": [2, 2, 2]
		}
	},
	"groups": [
		{
			"name": "rightarmdown",
			"origin": [0.84431, 3.21689, 2.91554],
			"rotation": [90, 0, 0],
			"color": 0,
			"boneType": "",
			"children": [
				0,
				{
					"name": "rightfingerbig",
					"origin": [0.68659, -7.94515, 3.4],
					"color": 0,
					"boneType": "",
					"children": [1, 2, 3, 4, 5, 6]
				},
				7,
				8
			]
		}
	]
}