{
	"credit": "Made with Blockbench",
	"textures": {
		"0": "custom/elitecreatures/demons/aoewhip",
		"particle": "custom/elitecreatures/demons/aoewhip"
	},
	"elements": [
		{
			"from": [-2, 13.51472, -3],
			"to": [18, 13.51472, 17],
			"rotation": {"angle": 0, "axis": "y", "origin": [8, 13.51472, 7]},
			"faces": {
				"north": {"uv": [16, 0, 0, 0], "texture": "#0"},
				"east": {"uv": [0, 0, 0, 16], "rotation": 90, "texture": "#0"},
				"south": {"uv": [16, 0, 0, 0], "rotation": 180, "texture": "#0"},
				"west": {"uv": [0, 0, 0, 16], "rotation": 270, "texture": "#0"},
				"up": {"uv": [16, 0, 0, 16], "texture": "#0"},
				"down": {"uv": [0, 0, 16, 16], "rotation": 180, "texture": "#0"}
			}
		}
	],
	"display": {
		"gui": {
			"translation": [0, -4.75, 0]
		},
		"head": {
			"translation": [0, -30.5, -9.5],
			"scale": [3.5, 3.5, 3.5]
		}
	}
}