{
	"credit": "Made with Blockbench",
	"texture_size": [128, 128],
	"textures": {
		"0": "custom/elitecreatures/demons/wave1",
		"1": "custom/elitecreatures/demons/wave2",
		"2": "custom/elitecreatures/demons/wave3",
		"particle": "custom/elitecreatures/demons/wave1"
	},
	"elements": [
		{
			"from": [-16, -16, 20],
			"to": [32, 32, 20],
			"rotation": {"angle": 0, "axis": "y", "origin": [8, 8, 31.75]},
			"faces": {
				"north": {"uv": [16, 0, 0, 15.875], "texture": "#0"},
				"east": {"uv": [0, 0, 0.125, 0], "texture": "#0"},
				"south": {"uv": [0, 0, 16, 15.875], "texture": "#0"},
				"west": {"uv": [0, 0, 0, 0], "texture": "#0"},
				"up": {"uv": [0, 0, 0, 0], "texture": "#0"},
				"down": {"uv": [0, 0, 0, 0], "texture": "#0"}
			}
		},
		{
			"from": [-16, -16, 19.75],
			"to": [32, 32, 19.75],
			"rotation": {"angle": 0, "axis": "y", "origin": [8, 8, 31.75]},
			"faces": {
				"north": {"uv": [16, 0, 0, 15.875], "texture": "#0"},
				"east": {"uv": [0, 0, 0.125, 0], "texture": "#0"},
				"south": {"uv": [0, 0, 16, 15.875], "texture": "#0"},
				"west": {"uv": [0, 0, 0, 0], "texture": "#0"},
				"up": {"uv": [0, 0, 0, 0], "texture": "#0"},
				"down": {"uv": [0, 0, 0, 0], "texture": "#0"}
			}
		},
		{
			"from": [-16, -16, 19.5],
			"to": [32, 32, 19.5],
			"rotation": {"angle": 0, "axis": "y", "origin": [8, 8, 31.75]},
			"faces": {
				"north": {"uv": [16, 0, 0, 15.875], "texture": "#0"},
				"east": {"uv": [0, 0, 0.125, 0], "texture": "#0"},
				"south": {"uv": [0, 0, 16, 15.875], "texture": "#0"},
				"west": {"uv": [0, 0, 0, 0], "texture": "#0"},
				"up": {"uv": [0, 0, 0, 0], "texture": "#0"},
				"down": {"uv": [0, 0, 0, 0], "texture": "#0"}
			}
		},
		{
			"from": [-16, -16, 8],
			"to": [32, 32, 8],
			"rotation": {"angle": 0, "axis": "y", "origin": [8, 8, 8.75]},
			"faces": {
				"north": {"uv": [16, 0, 0, 15.875], "texture": "#1"},
				"east": {"uv": [0, 0, 0.125, 0], "texture": "#1"},
				"south": {"uv": [0, 0, 16, 15.875], "texture": "#1"},
				"west": {"uv": [0, 0, 0, 0], "texture": "#1"},
				"up": {"uv": [0, 0, 0, 0], "texture": "#1"},
				"down": {"uv": [0, 0, 0, 0], "texture": "#1"}
			}
		},
		{
			"from": [-16, -16, 8],
			"to": [32, 32, 8],
			"rotation": {"angle": 0, "axis": "y", "origin": [8, 8, 8.75]},
			"faces": {
				"north": {"uv": [16, 0, 0, 15.875], "texture": "#1"},
				"east": {"uv": [0, 0, 0.125, 0], "texture": "#1"},
				"south": {"uv": [0, 0, 16, 15.875], "texture": "#1"},
				"west": {"uv": [0, 0, 0, 0], "texture": "#1"},
				"up": {"uv": [0, 0, 0, 0], "texture": "#1"},
				"down": {"uv": [0, 0, 0, 0], "texture": "#1"}
			}
		},
		{
			"from": [-16, -16, 8],
			"to": [32, 32, 8],
			"rotation": {"angle": 0, "axis": "y", "origin": [8, 8, 8.75]},
			"faces": {
				"north": {"uv": [16, 0, 0, 15.875], "texture": "#1"},
				"east": {"uv": [0, 0, 0.125, 0], "texture": "#1"},
				"south": {"uv": [0, 0, 16, 15.875], "texture": "#1"},
				"west": {"uv": [0, 0, 0, 0], "texture": "#1"},
				"up": {"uv": [0, 0, 0, 0], "texture": "#1"},
				"down": {"uv": [0, 0, 0, 0], "texture": "#1"}
			}
		},
		{
			"from": [-16, -16, -4],
			"to": [32, 32, -4],
			"rotation": {"angle": 0, "axis": "y", "origin": [8, 8, 8]},
			"faces": {
				"north": {"uv": [16, 0, 0, 15.875], "texture": "#2"},
				"east": {"uv": [0, 0, 0.125, 0], "texture": "#2"},
				"south": {"uv": [0, 0, 16, 15.875], "texture": "#2"},
				"west": {"uv": [0, 0, 0, 0], "texture": "#2"},
				"up": {"uv": [0, 0, 0, 0], "texture": "#2"},
				"down": {"uv": [0, 0, 0, 0], "texture": "#2"}
			}
		},
		{
			"from": [-16, -16, -4],
			"to": [32, 32, -4],
			"rotation": {"angle": 0, "axis": "y", "origin": [8, 8, 8]},
			"faces": {
				"north": {"uv": [16, 0, 0, 15.875], "texture": "#2"},
				"east": {"uv": [0, 0, 0.125, 0], "texture": "#2"},
				"south": {"uv": [0, 0, 16, 15.875], "texture": "#2"},
				"west": {"uv": [0, 0, 0, 0], "texture": "#2"},
				"up": {"uv": [0, 0, 0, 0], "texture": "#2"},
				"down": {"uv": [0, 0, 0, 0], "texture": "#2"}
			}
		},
		{
			"from": [-16, -16, -4],
			"to": [32, 32, -4],
			"rotation": {"angle": 0, "axis": "y", "origin": [8, 8, 8]},
			"faces": {
				"north": {"uv": [16, 0, 0, 15.875], "texture": "#2"},
				"east": {"uv": [0, 0, 0.125, 0], "texture": "#2"},
				"south": {"uv": [0, 0, 16, 15.875], "texture": "#2"},
				"west": {"uv": [0, 0, 0, 0], "texture": "#2"},
				"up": {"uv": [0, 0, 0, 0], "texture": "#2"},
				"down": {"uv": [0, 0, 0, 0], "texture": "#2"}
			}
		}
	],
	"display": {
		"thirdperson_righthand": {
			"rotation": [69, 0, 0]
		},
		"thirdperson_lefthand": {
			"rotation": [69, 0, 0],
			"translation": [-5, 0, 0]
		},
		"firstperson_righthand": {
			"translation": [-5.75, 0, 0]
		},
		"ground": {
			"translation": [0, 8.75, 0]
		},
		"gui": {
			"scale": [0.5, 0.5, 0.5]
		},
		"head": {
			"translation": [0, 14.5, -7.75],
			"scale": [3, 3, 3]
		}
	}
}