{
	"credit": "Made with Blockbench",
	"texture_size": [300, 210],
	"textures": {
		"0": "block/color/bandages",
		"1": "colors/scope_color",
		"particle": "block/color/bandages"
	},
	"elements": [
		{
			"from": [7, 7, 7],
			"to": [13, 11.2, 7.05],
			"faces": {
				"north": {"uv": [0, 0, 16, 16], "texture": "#0"},
				"east": {"uv": [0, 0, 0.00267, 0.16], "texture": "#1"},
				"south": {"uv": [0, 0, 16, 16], "texture": "#0"},
				"west": {"uv": [0, 0, 0.00267, 0.16], "texture": "#1"},
				"up": {"uv": [0, 0, 0.16, 0.00381], "texture": "#1"},
				"down": {"uv": [0, 0, 0.16, 0.00381], "texture": "#1"}
			}
		}
	],
	"display": {
		"thirdperson_righthand": {
			"translation": [-3.25, -2, 1],
			"scale": [1.5, 1.5, 1.5]
		},
		"thirdperson_lefthand": {
			"translation": [3, -2, 1],
			"scale": [1.5, 1.5, 1.5]
		},
		"firstperson_righthand": {
			"rotation": [0, 0, 30],
			"translation": [3, -4.25, 0],
			"scale": [3, 3, 3]
		},
		"firstperson_lefthand": {
			"rotation": [0, 0, 30],
			"translation": [13, 0.5, -1],
			"scale": [3, 3, 3]
		},
		"ground": {
			"translation": [-1.5, -2.5, 1.5]
		},
		"gui": {
			"translation": [-4, -2, 0],
			"scale": [2, 2, 2]
		},
		"head": {
			"translation": [-2, 0, -6.25]
		},
		"fixed": {
			"translation": [-4.5, -2.75, 0],
			"scale": [2, 2, 2]
		}
	}
}