{
	"credit": "Made with Blockbench",
	"textures": {
		"recolor": "guns/gray2",
		"no_recolor": "guns/gray3"
	},
	"elements": [
		{
			"name": "Element",
			"from": [7.512, 7.1505, 1.6747],
			"to": [8.484, 7.3935, 12.8527],
			"faces": {
				"north": {"uv": [8.484, 8.6065, 7.512, 8.8495], "texture": "#recolor"},
				"east": {"uv": [12.8527, 8.6065, 1.6747, 8.8495], "texture": "#recolor"},
				"south": {"uv": [7.512, 8.6065, 8.484, 8.8495], "texture": "#recolor"},
				"west": {"uv": [1.6747, 8.6065, 12.8527, 8.8495], "texture": "#recolor"},
				"up": {"uv": [7.512, 1.6747, 8.484, 12.8527], "texture": "#recolor"},
				"down": {"uv": [7.512, 3.1473, 8.484, 14.3253], "texture": "#recolor"}
			}
		},
		{
			"name": "Element",
			"from": [7.512, 7.3935, 1.6747],
			"to": [8.484, 7.6851, 2.6467],
			"faces": {
				"north": {"uv": [8.484, 8.3149, 7.512, 8.6065], "texture": "#recolor"},
				"east": {"uv": [2.6467, 8.3149, 1.6747, 8.6065], "texture": "#recolor"},
				"south": {"uv": [7.512, 8.3149, 8.484, 8.6065], "texture": "#recolor"},
				"west": {"uv": [1.6747, 8.3149, 2.6467, 8.6065], "texture": "#recolor"},
				"up": {"uv": [7.512, 1.6747, 8.484, 2.6467], "texture": "#recolor"},
				"down": {"uv": [7.512, 13.3533, 8.484, 14.3253], "texture": "#recolor"}
			}
		},
		{
			"name": "Element",
			"from": [7.512, 7.6851, 1.6747],
			"to": [8.484, 7.92803, 5.0767],
			"faces": {
				"north": {"uv": [8.484, 8.07197, 7.512, 8.3149], "texture": "#recolor"},
				"east": {"uv": [5.0767, 8.07197, 1.6747, 8.3149], "texture": "#recolor"},
				"south": {"uv": [7.512, 8.07197, 8.484, 8.3149], "texture": "#recolor"},
				"west": {"uv": [1.6747, 8.07197, 5.0767, 8.3149], "texture": "#recolor"},
				"up": {"uv": [7.512, 1.6747, 8.484, 5.0767], "texture": "#recolor"},
				"down": {"uv": [7.512, 10.9233, 8.484, 14.3253], "texture": "#recolor"}
			}
		},
		{
			"name": "Element",
			"from": [7.755, 7.9281, 1.6747],
			"to": [8.241, 8.17103, 5.8057],
			"faces": {
				"north": {"uv": [8.241, 7.82897, 7.755, 8.0719], "texture": "#recolor"},
				"east": {"uv": [5.8057, 7.82897, 1.6747, 8.0719], "texture": "#recolor"},
				"south": {"uv": [7.755, 7.82897, 8.241, 8.0719], "texture": "#recolor"},
				"west": {"uv": [1.6747, 7.82897, 5.8057, 8.0719], "texture": "#recolor"},
				"up": {"uv": [7.755, 1.6747, 8.241, 5.8057], "texture": "#recolor"},
				"down": {"uv": [7.755, 10.1943, 8.241, 14.3253], "texture": "#recolor"}
			}
		},
		{
			"name": "Element",
			"from": [7.755, 7.826, 1.6757],
			"to": [7.998, 8.17102, 5.07674],
			"rotation": {"angle": -45, "axis": "z", "origin": [7.75502, 8.17107, 1.67569]},
			"faces": {
				"north": {"uv": [7.754, 7.72789, 7.511, 8.07292], "texture": "#recolor"},
				"east": {"uv": [5.07674, 7.72789, 1.6757, 8.07292], "texture": "#recolor"},
				"south": {"uv": [7.511, 7.72789, 7.754, 8.07292], "texture": "#recolor"},
				"west": {"uv": [1.6757, 7.72789, 5.07674, 8.07292], "texture": "#recolor"},
				"up": {"uv": [7.511, 1.6757, 7.754, 5.07674], "texture": "#recolor"},
				"down": {"uv": [7.511, 10.92327, 7.754, 14.3243], "texture": "#recolor"}
			}
		},
		{
			"name": "Element",
			"from": [8.07, 7.655, 1.6757],
			"to": [8.313, 8.00002, 5.80574],
			"rotation": {"angle": 45, "axis": "z", "origin": [8.06995, 8, 1.67569]},
			"faces": {
				"north": {"uv": [8.55694, 7.89889, 8.31394, 8.24392], "texture": "#recolor"},
				"east": {"uv": [5.80574, 7.89889, 1.6757, 8.24392], "texture": "#recolor"},
				"south": {"uv": [8.31394, 7.89889, 8.55694, 8.24392], "texture": "#recolor"},
				"west": {"uv": [1.6757, 7.89889, 5.80574, 8.24392], "texture": "#recolor"},
				"up": {"uv": [8.31394, 1.6757, 8.55694, 5.80574], "texture": "#recolor"},
				"down": {"uv": [8.31394, 10.19427, 8.55694, 14.3243], "texture": "#recolor"}
			}
		},
		{
			"name": "Element",
			"from": [7.755, 7.826, 5.3216],
			"to": [7.998, 8.17102, 5.8076],
			"rotation": {"angle": -45, "axis": "z", "origin": [7.75502, 8.17107, 5.32164]},
			"faces": {
				"north": {"uv": [7.754, 7.72789, 7.511, 8.07292], "texture": "#recolor"},
				"east": {"uv": [5.8076, 7.72789, 5.3216, 8.07292], "texture": "#recolor"},
				"south": {"uv": [7.511, 7.72789, 7.754, 8.07292], "texture": "#recolor"},
				"west": {"uv": [5.3216, 7.72789, 5.8076, 8.07292], "texture": "#recolor"},
				"up": {"uv": [7.511, 5.3216, 7.754, 5.8076], "texture": "#recolor"},
				"down": {"uv": [7.511, 10.1924, 7.754, 10.6784], "texture": "#recolor"}
			}
		},
		{
			"name": "Element",
			"from": [7.512, 7.6851, 5.3196],
			"to": [8.484, 7.92803, 12.8526],
			"faces": {
				"north": {"uv": [8.484, 8.07197, 7.512, 8.3149], "texture": "#recolor"},
				"east": {"uv": [12.8526, 8.07197, 5.3196, 8.3149], "texture": "#recolor"},
				"south": {"uv": [7.512, 8.07197, 8.484, 8.3149], "texture": "#recolor"},
				"west": {"uv": [5.3196, 8.07197, 12.8526, 8.3149], "texture": "#recolor"},
				"up": {"uv": [7.512, 5.3196, 8.484, 12.8526], "texture": "#recolor"},
				"down": {"uv": [7.512, 3.1474, 8.484, 10.6804], "texture": "#recolor"}
			}
		},
		{
			"name": "Element",
			"from": [7.512, 7.3935, 5.3196],
			"to": [8.484, 7.6851, 12.8526],
			"faces": {
				"north": {"uv": [8.484, 8.3149, 7.512, 8.6065], "texture": "#recolor"},
				"east": {"uv": [12.8526, 8.3149, 5.3196, 8.6065], "texture": "#recolor"},
				"south": {"uv": [7.512, 8.3149, 8.484, 8.6065], "texture": "#recolor"},
				"west": {"uv": [5.3196, 8.3149, 12.8526, 8.6065], "texture": "#recolor"},
				"up": {"uv": [7.512, 5.3196, 8.484, 12.8526], "texture": "#recolor"},
				"down": {"uv": [7.512, 3.1474, 8.484, 10.6804], "texture": "#recolor"}
			}
		},
		{
			"name": "Element",
			"from": [7.512, 7.9281, 5.8058],
			"to": [8.484, 8.17103, 12.8528],
			"faces": {
				"north": {"uv": [8.484, 7.82897, 7.512, 8.0719], "texture": "#recolor"},
				"east": {"uv": [12.8528, 7.82897, 5.8058, 8.0719], "texture": "#recolor"},
				"south": {"uv": [7.512, 7.82897, 8.484, 8.0719], "texture": "#recolor"},
				"west": {"uv": [5.8058, 7.82897, 12.8528, 8.0719], "texture": "#recolor"},
				"up": {"uv": [7.512, 5.8058, 8.484, 12.8528], "texture": "#recolor"},
				"down": {"uv": [7.512, 3.1472, 8.484, 10.1942], "texture": "#recolor"}
			}
		},
		{
			"name": "no_recolor72",
			"from": [7.998, 7.3935, 2.6467],
			"to": [8.484, 7.6851, 5.3197],
			"faces": {
				"north": {"uv": [8.484, 8.3149, 7.998, 8.6065], "texture": "#no_recolor"},
				"east": {"uv": [5.3197, 8.3149, 2.6467, 8.6065], "texture": "#no_recolor"},
				"south": {"uv": [7.998, 8.3149, 8.484, 8.6065], "texture": "#no_recolor"},
				"west": {"uv": [2.6467, 8.3149, 5.3197, 8.6065], "texture": "#no_recolor"},
				"up": {"uv": [7.998, 2.6467, 8.484, 5.3197], "texture": "#no_recolor"},
				"down": {"uv": [7.998, 10.6803, 8.484, 13.3533], "texture": "#no_recolor"}
			}
		},
		{
			"name": "Element",
			"from": [7.998, 7.6851, 5.0767],
			"to": [8.484, 7.92803, 5.3197],
			"faces": {
				"north": {"uv": [8.484, 8.07197, 7.998, 8.3149], "texture": "#recolor"},
				"east": {"uv": [5.3197, 8.07197, 5.0767, 8.3149], "texture": "#recolor"},
				"south": {"uv": [7.998, 8.07197, 8.484, 8.3149], "texture": "#recolor"},
				"west": {"uv": [5.0767, 8.07197, 5.3197, 8.3149], "texture": "#recolor"},
				"up": {"uv": [7.998, 5.0767, 8.484, 5.3197], "texture": "#recolor"},
				"down": {"uv": [7.998, 10.6803, 8.484, 10.9233], "texture": "#recolor"}
			}
		},
		{
			"name": "Element",
			"from": [7.4148, 7.0532, 1.6747],
			"to": [8.5812, 7.1504, 12.8527],
			"faces": {
				"north": {"uv": [8.5812, 8.8496, 7.4148, 8.9468], "texture": "#recolor"},
				"east": {"uv": [12.8527, 8.8496, 1.6747, 8.9468], "texture": "#recolor"},
				"south": {"uv": [7.4148, 8.8496, 8.5812, 8.9468], "texture": "#recolor"},
				"west": {"uv": [1.6747, 8.8496, 12.8527, 8.9468], "texture": "#recolor"},
				"up": {"uv": [7.4148, 1.6747, 8.5812, 12.8527], "texture": "#recolor"},
				"down": {"uv": [7.4148, 3.1473, 8.5812, 14.3253], "texture": "#recolor"}
			}
		},
		{
			"name": "no_recolor94",
			"from": [7.4148, 6.0812, 1.6747],
			"to": [7.512, 7.0532, 2.1607],
			"faces": {
				"north": {"uv": [7.512, 8.9468, 7.4148, 9.9188], "texture": "#no_recolor"},
				"east": {"uv": [2.1607, 8.9468, 1.6747, 9.9188], "texture": "#no_recolor"},
				"south": {"uv": [7.4148, 8.9468, 7.512, 9.9188], "texture": "#no_recolor"},
				"west": {"uv": [1.6747, 8.9468, 2.1607, 9.9188], "texture": "#no_recolor"},
				"up": {"uv": [7.4148, 1.6747, 7.512, 2.1607], "texture": "#no_recolor"},
				"down": {"uv": [7.4148, 13.8393, 7.512, 14.3253], "texture": "#no_recolor"}
			}
		},
		{
			"name": "no_recolor95",
			"from": [8.484, 6.0812, 1.6747],
			"to": [8.5812, 7.0532, 2.1607],
			"faces": {
				"north": {"uv": [8.5812, 8.9468, 8.484, 9.9188], "texture": "#no_recolor"},
				"east": {"uv": [2.1607, 8.9468, 1.6747, 9.9188], "texture": "#no_recolor"},
				"south": {"uv": [8.484, 8.9468, 8.5812, 9.9188], "texture": "#no_recolor"},
				"west": {"uv": [1.6747, 8.9468, 2.1607, 9.9188], "texture": "#no_recolor"},
				"up": {"uv": [8.484, 1.6747, 8.5812, 2.1607], "texture": "#no_recolor"},
				"down": {"uv": [8.484, 13.8393, 8.5812, 14.3253], "texture": "#no_recolor"}
			}
		},
		{
			"name": "Element",
			"from": [7.512, 6.0812, 1.9178],
			"to": [8.484, 7.0532, 2.1608],
			"faces": {
				"north": {"uv": [8.484, 8.9468, 7.512, 9.9188], "texture": "#recolor"},
				"east": {"uv": [2.1608, 8.9468, 1.9178, 9.9188], "texture": "#recolor"},
				"south": {"uv": [7.512, 8.9468, 8.484, 9.9188], "texture": "#recolor"},
				"west": {"uv": [1.9178, 8.9468, 2.1608, 9.9188], "texture": "#recolor"},
				"up": {"uv": [7.512, 1.9178, 8.484, 2.1608], "texture": "#recolor"},
				"down": {"uv": [7.512, 13.8392, 8.484, 14.0822], "texture": "#recolor"}
			}
		},
		{
			"name": "Element",
			"from": [7.4148, 6.8588, 3.3756],
			"to": [8.5812, 7.0532, 3.6186],
			"faces": {
				"north": {"uv": [8.5812, 8.9468, 7.4148, 9.1412], "texture": "#recolor"},
				"east": {"uv": [3.6186, 8.9468, 3.3756, 9.1412], "texture": "#recolor"},
				"south": {"uv": [7.4148, 8.9468, 8.5812, 9.1412], "texture": "#recolor"},
				"west": {"uv": [3.3756, 8.9468, 3.6186, 9.1412], "texture": "#recolor"},
				"up": {"uv": [7.4148, 3.3756, 8.5812, 3.6186], "texture": "#recolor"},
				"down": {"uv": [7.4148, 12.3814, 8.5812, 12.6244], "texture": "#recolor"}
			}
		},
		{
			"name": "Element",
			"from": [7.4148, 6.8588, 4.8338],
			"to": [8.5812, 7.0532, 12.8528],
			"faces": {
				"north": {"uv": [8.5812, 8.9468, 7.4148, 9.1412], "texture": "#recolor"},
				"east": {"uv": [12.8528, 8.9468, 4.8338, 9.1412], "texture": "#recolor"},
				"south": {"uv": [7.4148, 8.9468, 8.5812, 9.1412], "texture": "#recolor"},
				"west": {"uv": [4.8338, 8.9468, 12.8528, 9.1412], "texture": "#recolor"},
				"up": {"uv": [7.4148, 4.8338, 8.5812, 12.8528], "texture": "#recolor"},
				"down": {"uv": [7.4148, 3.1472, 8.5812, 11.1662], "texture": "#recolor"}
			}
		},
		{
			"name": "Element",
			"from": [7.4148, 6.6159, 2.1607],
			"to": [8.5812, 6.8589, 12.8527],
			"faces": {
				"north": {"uv": [8.5812, 9.1411, 7.4148, 9.3841], "texture": "#recolor"},
				"east": {"uv": [12.8527, 9.1411, 2.1607, 9.3841], "texture": "#recolor"},
				"south": {"uv": [7.4148, 9.1411, 8.5812, 9.3841], "texture": "#recolor"},
				"west": {"uv": [2.1607, 9.1411, 12.8527, 9.3841], "texture": "#recolor"},
				"up": {"uv": [7.4148, 2.1607, 8.5812, 12.8527], "texture": "#recolor"},
				"down": {"uv": [7.4148, 3.1473, 8.5812, 13.8393], "texture": "#recolor"}
			}
		},
		{
			"name": "Element",
			"from": [7.4148, 6.4943, 2.1607],
			"to": [8.5812, 6.61579, 5.0767],
			"faces": {
				"north": {"uv": [8.5812, 9.38421, 7.4148, 9.5057], "texture": "#recolor"},
				"east": {"uv": [5.0767, 9.38421, 2.1607, 9.5057], "texture": "#recolor"},
				"south": {"uv": [7.4148, 9.38421, 8.5812, 9.5057], "texture": "#recolor"},
				"west": {"uv": [2.1607, 9.38421, 5.0767, 9.5057], "texture": "#recolor"},
				"up": {"uv": [7.4148, 2.1607, 8.5812, 5.0767], "texture": "#recolor"},
				"down": {"uv": [7.4148, 10.9233, 8.5812, 13.8393], "texture": "#recolor"}
			}
		},
		{
			"name": "Element",
			"from": [7.4148, 6.4943, 5.8058],
			"to": [8.5812, 6.61579, 12.8528],
			"faces": {
				"north": {"uv": [8.5812, 9.38421, 7.4148, 9.5057], "texture": "#recolor"},
				"east": {"uv": [12.8528, 9.38421, 5.8058, 9.5057], "texture": "#recolor"},
				"south": {"uv": [7.4148, 9.38421, 8.5812, 9.5057], "texture": "#recolor"},
				"west": {"uv": [5.8058, 9.38421, 12.8528, 9.5057], "texture": "#recolor"},
				"up": {"uv": [7.4148, 5.8058, 8.5812, 12.8528], "texture": "#recolor"},
				"down": {"uv": [7.4148, 3.1472, 8.5812, 10.1942], "texture": "#recolor"}
			}
		},
		{
			"name": "Element",
			"from": [7.512, 6.4943, 5.0767],
			"to": [8.5812, 6.61579, 5.8057],
			"faces": {
				"north": {"uv": [8.5812, 9.38421, 7.512, 9.5057], "texture": "#recolor"},
				"east": {"uv": [5.8057, 9.38421, 5.0767, 9.5057], "texture": "#recolor"},
				"south": {"uv": [7.512, 9.38421, 8.5812, 9.5057], "texture": "#recolor"},
				"west": {"uv": [5.0767, 9.38421, 5.8057, 9.5057], "texture": "#recolor"},
				"up": {"uv": [7.512, 5.0767, 8.5812, 5.8057], "texture": "#recolor"},
				"down": {"uv": [7.512, 10.1943, 8.5812, 10.9233], "texture": "#recolor"}
			}
		},
		{
			"name": "Element",
			"from": [7.4148, 6.2514, 2.1607],
			"to": [8.5812, 6.4944, 12.8527],
			"faces": {
				"north": {"uv": [8.5812, 9.5056, 7.4148, 9.7486], "texture": "#recolor"},
				"east": {"uv": [12.8527, 9.5056, 2.1607, 9.7486], "texture": "#recolor"},
				"south": {"uv": [7.4148, 9.5056, 8.5812, 9.7486], "texture": "#recolor"},
				"west": {"uv": [2.1607, 9.5056, 12.8527, 9.7486], "texture": "#recolor"},
				"up": {"uv": [7.4148, 2.1607, 8.5812, 12.8527], "texture": "#recolor"},
				"down": {"uv": [7.4148, 3.1473, 8.5812, 13.8393], "texture": "#recolor"}
			}
		},
		{
			"name": "no_recolor92",
			"from": [7.512, 6.0083, 2.1607],
			"to": [8.484, 6.25128, 5.92721],
			"faces": {
				"north": {"uv": [8.484, 9.74871, 7.512, 9.9917], "texture": "#no_recolor"},
				"east": {"uv": [5.92721, 9.74871, 2.1607, 9.9917], "texture": "#no_recolor"},
				"south": {"uv": [7.512, 9.74871, 8.484, 9.9917], "texture": "#no_recolor"},
				"west": {"uv": [2.1607, 9.74871, 5.92721, 9.9917], "texture": "#no_recolor"},
				"up": {"uv": [7.512, 2.1607, 8.484, 5.92721], "texture": "#no_recolor"},
				"down": {"uv": [7.512, 10.07279, 8.484, 13.8393], "texture": "#no_recolor"}
			}
		},
		{
			"name": "no_recolor93",
			"from": [7.4148, 5.7897, 1.6757],
			"to": [7.512, 6.0813, 2.1617],
			"rotation": {"angle": 45, "axis": "z", "origin": [7.41482, 6.08127, 1.67569]},
			"faces": {
				"north": {"uv": [7.71818, 9.83332, 7.62098, 10.12492], "texture": "#no_recolor"},
				"east": {"uv": [2.1617, 9.83332, 1.6757, 10.12492], "texture": "#no_recolor"},
				"south": {"uv": [7.62098, 9.83332, 7.71818, 10.12492], "texture": "#no_recolor"},
				"west": {"uv": [1.6757, 9.83332, 2.1617, 10.12492], "texture": "#no_recolor"},
				"up": {"uv": [7.62098, 1.6757, 7.71818, 2.1617], "texture": "#no_recolor"},
				"down": {"uv": [7.62098, 13.8383, 7.71818, 14.3243], "texture": "#no_recolor"}
			}
		},
		{
			"name": "no_recolor97",
			"from": [8.5133, 5.8577, 1.6757],
			"to": [8.6105, 6.1493, 2.1617],
			"rotation": {"angle": -45, "axis": "z", "origin": [8.51318, 6.14931, 1.67569]},
			"faces": {
				"north": {"uv": [8.40426, 9.76537, 8.30706, 10.05697], "texture": "#no_recolor"},
				"east": {"uv": [2.1617, 9.76537, 1.6757, 10.05697], "texture": "#no_recolor"},
				"south": {"uv": [8.30706, 9.76537, 8.40426, 10.05697], "texture": "#no_recolor"},
				"west": {"uv": [1.6757, 9.76537, 2.1617, 10.05697], "texture": "#no_recolor"},
				"up": {"uv": [8.30706, 1.6757, 8.40426, 2.1617], "texture": "#no_recolor"},
				"down": {"uv": [8.30706, 13.8383, 8.40426, 14.3243], "texture": "#no_recolor"}
			}
		},
		{
			"name": "no_recolor96",
			"from": [7.6238, 5.8723, 1.6767],
			"to": [8.37224, 5.9695, 2.1627],
			"faces": {
				"north": {"uv": [8.37224, 10.0305, 7.6238, 10.1277], "texture": "#no_recolor"},
				"east": {"uv": [2.1627, 10.0305, 1.6767, 10.1277], "texture": "#no_recolor"},
				"south": {"uv": [7.6238, 10.0305, 8.37224, 10.1277], "texture": "#no_recolor"},
				"west": {"uv": [1.6767, 10.0305, 2.1627, 10.1277], "texture": "#no_recolor"},
				"up": {"uv": [7.6238, 1.6767, 8.37224, 2.1627], "texture": "#no_recolor"},
				"down": {"uv": [7.6238, 13.8373, 8.37224, 14.3233], "texture": "#no_recolor"}
			}
		},
		{
			"name": "Element",
			"from": [7.5606, 5.9598, 1.9178],
			"to": [8.45969, 6.08129, 2.1608],
			"faces": {
				"north": {"uv": [8.45969, 9.91871, 7.5606, 10.0402], "texture": "#recolor"},
				"east": {"uv": [2.1608, 9.91871, 1.9178, 10.0402], "texture": "#recolor"},
				"south": {"uv": [7.5606, 9.91871, 8.45969, 10.0402], "texture": "#recolor"},
				"west": {"uv": [1.9178, 9.91871, 2.1608, 10.0402], "texture": "#recolor"},
				"up": {"uv": [7.5606, 1.9178, 8.45969, 2.1608], "texture": "#recolor"},
				"down": {"uv": [7.5606, 13.8392, 8.45969, 14.0822], "texture": "#recolor"}
			}
		},
		{
			"name": "Element",
			"from": [7.512, 5.5223, 5.9272],
			"to": [8.484, 6.2513, 12.24521],
			"faces": {
				"north": {"uv": [8.484, 9.7487, 7.512, 10.4777], "texture": "#recolor"},
				"east": {"uv": [12.24521, 9.7487, 5.9272, 10.4777], "texture": "#recolor"},
				"south": {"uv": [7.512, 9.7487, 8.484, 10.4777], "texture": "#recolor"},
				"west": {"uv": [5.9272, 9.7487, 12.24521, 10.4777], "texture": "#recolor"},
				"up": {"uv": [7.512, 5.9272, 8.484, 12.24521], "texture": "#recolor"},
				"down": {"uv": [7.512, 3.75479, 8.484, 10.0728], "texture": "#recolor"}
			}
		},
		{
			"name": "Element",
			"from": [7.513, 5.8139, 12.4056],
			"to": [8.48306, 6.6887, 13.0374],
			"rotation": {"angle": 45, "axis": "x", "origin": [7.51299, 6.68878, 12.40558]},
			"faces": {
				"north": {"uv": [8.48306, 9.05507, 7.513, 9.92987], "texture": "#recolor"},
				"east": {"uv": [12.41876, 9.05507, 11.78696, 9.92987], "texture": "#recolor"},
				"south": {"uv": [7.513, 9.05507, 8.48306, 9.92987], "texture": "#recolor"},
				"west": {"uv": [11.78696, 9.05507, 12.41876, 9.92987], "texture": "#recolor"},
				"up": {"uv": [7.513, 11.78696, 8.48306, 12.41876], "texture": "#recolor"},
				"down": {"uv": [7.513, 3.58124, 8.48306, 4.21304], "texture": "#recolor"}
			}
		},
		{
			"name": "Element",
			"from": [7.512, 4.7934, 5.9272],
			"to": [8.484, 5.52239, 7.87121],
			"faces": {
				"north": {"uv": [8.484, 10.47761, 7.512, 11.2066], "texture": "#recolor"},
				"east": {"uv": [7.87121, 10.47761, 5.9272, 11.2066], "texture": "#recolor"},
				"south": {"uv": [7.512, 10.47761, 8.484, 11.2066], "texture": "#recolor"},
				"west": {"uv": [5.9272, 10.47761, 7.87121, 11.2066], "texture": "#recolor"},
				"up": {"uv": [7.512, 5.9272, 8.484, 7.87121], "texture": "#recolor"},
				"down": {"uv": [7.512, 8.12879, 8.484, 10.0728], "texture": "#recolor"}
			}
		},
		{
			"name": "Element",
			"from": [7.6336, 4.7934, 7.8712],
			"to": [8.3626, 5.52239, 8.8432],
			"faces": {
				"north": {"uv": [8.3626, 10.47761, 7.6336, 11.2066], "texture": "#recolor"},
				"east": {"uv": [8.8432, 10.47761, 7.8712, 11.2066], "texture": "#recolor"},
				"south": {"uv": [7.6336, 10.47761, 8.3626, 11.2066], "texture": "#recolor"},
				"west": {"uv": [7.8712, 10.47761, 8.8432, 11.2066], "texture": "#recolor"},
				"up": {"uv": [7.6336, 7.8712, 8.3626, 8.8432], "texture": "#recolor"},
				"down": {"uv": [7.6336, 7.1568, 8.3626, 8.1288], "texture": "#recolor"}
			}
		},
		{
			"name": "Element",
			"from": [7.5606, -0.5041, 6.4132],
			"to": [8.4354, 5.3279, 7.6282],
			"rotation": {"angle": 22.5, "axis": "x", "origin": [7.56062, 5.32798, 6.4132]},
			"faces": {
				"north": {"uv": [8.4354, 10.22816, 7.5606, 16], "texture": "#no_recolor"},
				"east": {"uv": [5.39636, 10.22816, 4.18136, 16], "texture": "#no_recolor"},
				"south": {"uv": [7.5606, 10.22816, 8.4354, 16], "texture": "#no_recolor"},
				"west": {"uv": [4.18136, 10.22816, 5.39636, 16], "texture": "#no_recolor"},
				"up": {"uv": [7.5606, 4.18136, 8.4354, 5.39636], "texture": "#no_recolor"},
				"down": {"uv": [7.5606, 10.60364, 8.4354, 11.81864], "texture": "#no_recolor"}
			}
		},
		{
			"name": "no_recolor",
			"from": [7.6336, 2.6063, 10.7872],
			"to": [8.3626, 5.5223, 12.0022],
			"rotation": {"angle": -22.5, "axis": "x", "origin": [7.63353, 5.52237, 10.7872]},
			"faces": {
				"north": {"uv": [8.3626, 10.25573, 7.6336, 13.17173], "texture": "#no_recolor"},
				"east": {"uv": [13.11813, 10.25573, 11.90313, 13.17173], "texture": "#no_recolor"},
				"south": {"uv": [7.6336, 10.25573, 8.3626, 13.17173], "texture": "#no_recolor"},
				"west": {"uv": [11.90313, 10.25573, 13.11813, 13.17173], "texture": "#no_recolor"},
				"up": {"uv": [7.6336, 11.90313, 8.3626, 13.11813], "texture": "#no_recolor"},
				"down": {"uv": [7.6336, 2.88187, 8.3626, 4.09687], "texture": "#no_recolor"}
			}
		},
		{
			"name": "Element",
			"from": [7.6346, 4.7691, 8.8432],
			"to": [8.36165, 4.8663, 9.3292],
			"rotation": {"angle": 45, "axis": "x", "origin": [7.63449, 4.86627, 8.8432]},
			"faces": {
				"north": {"uv": [8.36166, 11.10524, 7.6346, 11.20244], "texture": "#recolor"},
				"east": {"uv": [9.26049, 11.10524, 8.77449, 11.20244], "texture": "#recolor"},
				"south": {"uv": [7.6346, 11.10524, 8.36166, 11.20244], "texture": "#recolor"},
				"west": {"uv": [8.77449, 11.10524, 9.26049, 11.20244], "texture": "#recolor"},
				"up": {"uv": [7.6346, 8.77449, 8.36166, 9.26049], "texture": "#recolor"},
				"down": {"uv": [7.6346, 6.73951, 8.36166, 7.22551], "texture": "#recolor"}
			}
		},
		{
			"name": "Element",
			"from": [7.6346, 4.4531, 10.4227],
			"to": [8.36165, 4.5503, 11.3947],
			"rotation": {"angle": -22.5, "axis": "x", "origin": [7.63449, 4.55038, 10.4227]},
			"faces": {
				"north": {"uv": [8.36166, 11.4423, 7.6346, 11.5395], "texture": "#recolor"},
				"east": {"uv": [11.43193, 11.4423, 10.45993, 11.5395], "texture": "#recolor"},
				"south": {"uv": [7.6346, 11.4423, 8.36166, 11.5395], "texture": "#recolor"},
				"west": {"uv": [10.45993, 11.4423, 11.43193, 11.5395], "texture": "#recolor"},
				"up": {"uv": [7.6346, 10.45993, 8.36166, 11.43193], "texture": "#recolor"},
				"down": {"uv": [7.6346, 4.56807, 8.36166, 5.54007], "texture": "#recolor"}
			}
		},
		{
			"name": "Element",
			"from": [7.6346, 4.458, 9.1202],
			"to": [8.36165, 4.5552, 10.45669],
			"faces": {
				"north": {"uv": [8.36166, 11.4448, 7.6346, 11.542], "texture": "#recolor"},
				"east": {"uv": [10.45669, 11.4448, 9.1202, 11.542], "texture": "#recolor"},
				"south": {"uv": [7.6346, 11.4448, 8.36166, 11.542], "texture": "#recolor"},
				"west": {"uv": [9.1202, 11.4448, 10.45669, 11.542], "texture": "#recolor"},
				"up": {"uv": [7.6346, 9.1202, 8.36166, 10.45669], "texture": "#recolor"},
				"down": {"uv": [7.6346, 5.54331, 8.36166, 6.8798], "texture": "#recolor"}
			}
		},
		{
			"name": "no_recolor90",
			"from": [7.4148, 4.7934, 5.9272],
			"to": [7.512, 6.25138, 6.04871],
			"faces": {
				"north": {"uv": [7.512, 9.74861, 7.4148, 11.2066], "texture": "#no_recolor"},
				"east": {"uv": [6.04871, 9.74861, 5.9272, 11.2066], "texture": "#no_recolor"},
				"south": {"uv": [7.4148, 9.74861, 7.512, 11.2066], "texture": "#no_recolor"},
				"west": {"uv": [5.9272, 9.74861, 6.04871, 11.2066], "texture": "#no_recolor"},
				"up": {"uv": [7.4148, 5.9272, 7.512, 6.04871], "texture": "#no_recolor"},
				"down": {"uv": [7.4148, 9.95129, 7.512, 10.0728], "texture": "#no_recolor"}
			}
		},
		{
			"name": "no_recolor91",
			"from": [7.4148, 4.7934, 6.0487],
			"to": [7.512, 4.91489, 7.87121],
			"faces": {
				"north": {"uv": [7.512, 11.08511, 7.4148, 11.2066], "texture": "#no_recolor"},
				"east": {"uv": [7.87121, 11.08511, 6.0487, 11.2066], "texture": "#no_recolor"},
				"south": {"uv": [7.4148, 11.08511, 7.512, 11.2066], "texture": "#no_recolor"},
				"west": {"uv": [6.0487, 11.08511, 7.87121, 11.2066], "texture": "#no_recolor"},
				"up": {"uv": [7.4148, 6.0487, 7.512, 7.87121], "texture": "#no_recolor"},
				"down": {"uv": [7.4148, 8.12879, 7.512, 9.9513], "texture": "#no_recolor"}
			}
		},
		{
			"name": "no_recolor99",
			"from": [8.484, 4.7934, 5.9272],
			"to": [8.5812, 6.25138, 6.04871],
			"faces": {
				"north": {"uv": [8.5812, 9.74861, 8.484, 11.2066], "texture": "#no_recolor"},
				"east": {"uv": [6.04871, 9.74861, 5.9272, 11.2066], "texture": "#no_recolor"},
				"south": {"uv": [8.484, 9.74861, 8.5812, 11.2066], "texture": "#no_recolor"},
				"west": {"uv": [5.9272, 9.74861, 6.04871, 11.2066], "texture": "#no_recolor"},
				"up": {"uv": [8.484, 5.9272, 8.5812, 6.04871], "texture": "#no_recolor"},
				"down": {"uv": [8.484, 9.95129, 8.5812, 10.0728], "texture": "#no_recolor"}
			}
		},
		{
			"name": "no_recolor98",
			"from": [8.484, 4.7934, 6.0487],
			"to": [8.5812, 4.91489, 7.87121],
			"faces": {
				"north": {"uv": [8.5812, 11.08511, 8.484, 11.2066], "texture": "#no_recolor"},
				"east": {"uv": [7.87121, 11.08511, 6.0487, 11.2066], "texture": "#no_recolor"},
				"south": {"uv": [8.484, 11.08511, 8.5812, 11.2066], "texture": "#no_recolor"},
				"west": {"uv": [6.0487, 11.08511, 7.87121, 11.2066], "texture": "#no_recolor"},
				"up": {"uv": [8.484, 6.0487, 8.5812, 7.87121], "texture": "#no_recolor"},
				"down": {"uv": [8.484, 8.12879, 8.5812, 9.9513], "texture": "#no_recolor"}
			}
		},
		{
			"name": "no_recolor76",
			"from": [7.512, 6.2271, 12.8527],
			"to": [8.484, 8.1711, 13.3387],
			"faces": {
				"north": {"uv": [8.484, 7.8289, 7.512, 9.7729], "texture": "#no_recolor"},
				"east": {"uv": [13.3387, 7.8289, 12.8527, 9.7729], "texture": "#no_recolor"},
				"south": {"uv": [7.512, 7.8289, 8.484, 9.7729], "texture": "#no_recolor"},
				"west": {"uv": [12.8527, 7.8289, 13.3387, 9.7729], "texture": "#no_recolor"},
				"up": {"uv": [7.512, 12.8527, 8.484, 13.3387], "texture": "#no_recolor"},
				"down": {"uv": [7.512, 2.6613, 8.484, 3.1473], "texture": "#no_recolor"}
			}
		},
		{
			"name": "Element",
			"from": [7.4635, 7.0777, 12.0022],
			"to": [8.5327, 8.04963, 12.7312],
			"faces": {
				"north": {"uv": [8.5327, 7.95037, 7.4635, 8.9223], "texture": "#recolor"},
				"east": {"uv": [12.7312, 7.95037, 12.0022, 8.9223], "texture": "#recolor"},
				"south": {"uv": [7.4635, 7.95037, 8.5327, 8.9223], "texture": "#recolor"},
				"west": {"uv": [12.0022, 7.95037, 12.7312, 8.9223], "texture": "#recolor"},
				"up": {"uv": [7.4635, 12.0022, 8.5327, 12.7312], "texture": "#recolor"},
				"down": {"uv": [7.4635, 3.2688, 8.5327, 3.9978], "texture": "#recolor"}
			}
		},
		{
			"name": "no_recolor75",
			"from": [7.511, 7.6851, 13.3387],
			"to": [8.48493, 8.1711, 14.7967],
			"rotation": {"angle": 22.5, "axis": "x", "origin": [7.51106, 8.17107, 13.3387]},
			"faces": {
				"north": {"uv": [8.48493, 7.79191, 7.511, 8.27791], "texture": "#no_recolor"},
				"east": {"uv": [14.61073, 7.79191, 13.15273, 8.27791], "texture": "#no_recolor"},
				"south": {"uv": [7.511, 7.79191, 8.48493, 8.27791], "texture": "#no_recolor"},
				"west": {"uv": [13.15273, 7.79191, 14.61073, 8.27791], "texture": "#no_recolor"},
				"up": {"uv": [7.511, 13.15273, 8.48493, 14.61073], "texture": "#no_recolor"},
				"down": {"uv": [7.511, 1.38927, 8.48493, 2.84727], "texture": "#no_recolor"}
			}
		},
		{
			"name": "no_recolor77",
			"from": [7.512, 6.2271, 13.3387],
			"to": [8.484, 7.6851, 13.8247],
			"faces": {
				"north": {"uv": [8.484, 8.3149, 7.512, 9.7729], "texture": "#no_recolor"},
				"east": {"uv": [13.8247, 8.3149, 13.3387, 9.7729], "texture": "#no_recolor"},
				"south": {"uv": [7.512, 8.3149, 8.484, 9.7729], "texture": "#no_recolor"},
				"west": {"uv": [13.3387, 8.3149, 13.8247, 9.7729], "texture": "#no_recolor"},
				"up": {"uv": [7.512, 13.3387, 8.484, 13.8247], "texture": "#no_recolor"},
				"down": {"uv": [7.512, 2.1753, 8.484, 2.6613], "texture": "#no_recolor"}
			}
		},
		{
			"name": "no_recolor89",
			"from": [7.512, 7.1505, 14.5051],
			"to": [8.484, 7.63656, 21.3091],
			"faces": {
				"north": {"uv": [8.484, 8.36344, 7.512, 8.8495], "texture": "#no_recolor"},
				"east": {"uv": [5.3091, 8.36344, 14.5051, 8.8495], "texture": "#no_recolor"},
				"south": {"uv": [7.512, 8.36344, 8.484, 8.8495], "texture": "#no_recolor"},
				"west": {"uv": [14.5051, 8.36344, 16, 8.8495], "texture": "#no_recolor"},
				"up": {"uv": [7.512, 14.5051, 8.484, 16], "texture": "#no_recolor"},
				"down": {"uv": [7.512, 0, 8.484, 1.4949], "texture": "#no_recolor"}
			}
		},
		{
			"name": "no_recolor78",
			"from": [7.512, 6.1055, 13.8247],
			"to": [8.484, 6.3485, 14.55377],
			"faces": {
				"north": {"uv": [8.484, 9.6515, 7.512, 9.8945], "texture": "#no_recolor"},
				"east": {"uv": [14.55377, 9.6515, 13.8247, 9.8945], "texture": "#no_recolor"},
				"south": {"uv": [7.512, 9.6515, 8.484, 9.8945], "texture": "#no_recolor"},
				"west": {"uv": [13.8247, 9.6515, 14.55377, 9.8945], "texture": "#no_recolor"},
				"up": {"uv": [7.512, 13.8247, 8.484, 14.55377], "texture": "#no_recolor"},
				"down": {"uv": [7.512, 1.44623, 8.484, 2.1753], "texture": "#no_recolor"}
			}
		},
		{
			"name": "no_recolor79",
			"from": [7.512, 5.984, 14.5538],
			"to": [8.484, 6.227, 15.28273],
			"faces": {
				"north": {"uv": [8.484, 9.773, 7.512, 10.016], "texture": "#no_recolor"},
				"east": {"uv": [15.28273, 9.773, 14.5538, 10.016], "texture": "#no_recolor"},
				"south": {"uv": [7.512, 9.773, 8.484, 10.016], "texture": "#no_recolor"},
				"west": {"uv": [14.5538, 9.773, 15.28273, 10.016], "texture": "#no_recolor"},
				"up": {"uv": [7.512, 14.5538, 8.484, 15.28273], "texture": "#no_recolor"},
				"down": {"uv": [7.512, 0.71727, 8.484, 1.4462], "texture": "#no_recolor"}
			}
		},
		{
			"name": "no_recolor80",
			"from": [7.512, 5.8626, 15.2827],
			"to": [8.484, 6.1056, 16.01177],
			"faces": {
				"north": {"uv": [8.484, 9.8944, 7.512, 10.1374], "texture": "#no_recolor"},
				"east": {"uv": [0.01177, 9.8944, 15.2827, 10.1374], "texture": "#no_recolor"},
				"south": {"uv": [7.512, 9.8944, 8.484, 10.1374], "texture": "#no_recolor"},
				"west": {"uv": [15.2827, 9.8944, 16, 10.1374], "texture": "#no_recolor"},
				"up": {"uv": [7.512, 15.2827, 8.484, 16], "texture": "#no_recolor"},
				"down": {"uv": [7.512, 0, 8.484, 0.7173], "texture": "#no_recolor"}
			}
		},
		{
			"name": "no_recolor81",
			"from": [7.512, 5.7411, 16.0118],
			"to": [8.484, 5.9841, 16.74073],
			"faces": {
				"north": {"uv": [8.484, 10.0159, 7.512, 10.2589], "texture": "#no_recolor"},
				"east": {"uv": [0.74073, 10.0159, 0.0118, 10.2589], "texture": "#no_recolor"},
				"south": {"uv": [7.512, 10.0159, 8.484, 10.2589], "texture": "#no_recolor"},
				"west": {"uv": [0.0118, 10.0159, 0.74073, 10.2589], "texture": "#no_recolor"},
				"up": {"uv": [7.512, 0.0118, 8.484, 0.74073], "texture": "#no_recolor"},
				"down": {"uv": [7.512, 15.25927, 8.484, 15.9882], "texture": "#no_recolor"}
			}
		},
		{
			"name": "no_recolor82",
			"from": [7.512, 5.6195, 16.7407],
			"to": [8.484, 5.86247, 17.46963],
			"faces": {
				"north": {"uv": [8.484, 10.13753, 7.512, 10.3805], "texture": "#no_recolor"},
				"east": {"uv": [1.46963, 10.13753, 0.7407, 10.3805], "texture": "#no_recolor"},
				"south": {"uv": [7.512, 10.13753, 8.484, 10.3805], "texture": "#no_recolor"},
				"west": {"uv": [0.7407, 10.13753, 1.46963, 10.3805], "texture": "#no_recolor"},
				"up": {"uv": [7.512, 0.7407, 8.484, 1.46963], "texture": "#no_recolor"},
				"down": {"uv": [7.512, 14.53037, 8.484, 15.2593], "texture": "#no_recolor"}
			}
		},
		{
			"name": "no_recolor83",
			"from": [7.512, 5.498, 17.4698],
			"to": [8.484, 5.741, 18.19873],
			"faces": {
				"north": {"uv": [8.484, 10.259, 7.512, 10.502], "texture": "#no_recolor"},
				"east": {"uv": [2.19873, 10.259, 1.4698, 10.502], "texture": "#no_recolor"},
				"south": {"uv": [7.512, 10.259, 8.484, 10.502], "texture": "#no_recolor"},
				"west": {"uv": [1.4698, 10.259, 2.19873, 10.502], "texture": "#no_recolor"},
				"up": {"uv": [7.512, 1.4698, 8.484, 2.19873], "texture": "#no_recolor"},
				"down": {"uv": [7.512, 13.80127, 8.484, 14.5302], "texture": "#no_recolor"}
			}
		},
		{
			"name": "no_recolor84",
			"from": [7.512, 5.3766, 18.1987],
			"to": [8.484, 5.6196, 18.92777],
			"faces": {
				"north": {"uv": [8.484, 10.3804, 7.512, 10.6234], "texture": "#no_recolor"},
				"east": {"uv": [2.92777, 10.3804, 2.1987, 10.6234], "texture": "#no_recolor"},
				"south": {"uv": [7.512, 10.3804, 8.484, 10.6234], "texture": "#no_recolor"},
				"west": {"uv": [2.1987, 10.3804, 2.92777, 10.6234], "texture": "#no_recolor"},
				"up": {"uv": [7.512, 2.1987, 8.484, 2.92777], "texture": "#no_recolor"},
				"down": {"uv": [7.512, 13.07223, 8.484, 13.8013], "texture": "#no_recolor"}
			}
		},
		{
			"name": "no_recolor85",
			"from": [7.512, 5.2551, 18.9278],
			"to": [8.484, 5.4981, 19.65673],
			"faces": {
				"north": {"uv": [8.484, 10.5019, 7.512, 10.7449], "texture": "#no_recolor"},
				"east": {"uv": [3.65673, 10.5019, 2.9278, 10.7449], "texture": "#no_recolor"},
				"south": {"uv": [7.512, 10.5019, 8.484, 10.7449], "texture": "#no_recolor"},
				"west": {"uv": [2.9278, 10.5019, 3.65673, 10.7449], "texture": "#no_recolor"},
				"up": {"uv": [7.512, 2.9278, 8.484, 3.65673], "texture": "#no_recolor"},
				"down": {"uv": [7.512, 12.34327, 8.484, 13.0722], "texture": "#no_recolor"}
			}
		},
		{
			"name": "no_recolor86",
			"from": [7.512, 5.1335, 19.6567],
			"to": [8.484, 5.37649, 20.38563],
			"faces": {
				"north": {"uv": [8.484, 10.62352, 7.512, 10.8665], "texture": "#no_recolor"},
				"east": {"uv": [4.38563, 10.62352, 3.6567, 10.8665], "texture": "#no_recolor"},
				"south": {"uv": [7.512, 10.62352, 8.484, 10.8665], "texture": "#no_recolor"},
				"west": {"uv": [3.6567, 10.62352, 4.38563, 10.8665], "texture": "#no_recolor"},
				"up": {"uv": [7.512, 3.6567, 8.484, 4.38563], "texture": "#no_recolor"},
				"down": {"uv": [7.512, 11.61437, 8.484, 12.3433], "texture": "#no_recolor"}
			}
		},
		{
			"name": "no_recolor87",
			"from": [7.512, 5.0121, 20.3856],
			"to": [8.484, 5.2551, 21.35774],
			"faces": {
				"north": {"uv": [8.484, 10.7449, 7.512, 10.9879], "texture": "#no_recolor"},
				"east": {"uv": [5.35774, 10.7449, 4.3856, 10.9879], "texture": "#no_recolor"},
				"south": {"uv": [7.512, 10.7449, 8.484, 10.9879], "texture": "#no_recolor"},
				"west": {"uv": [4.3856, 10.7449, 5.35774, 10.9879], "texture": "#no_recolor"},
				"up": {"uv": [7.512, 4.3856, 8.484, 5.35774], "texture": "#no_recolor"},
				"down": {"uv": [7.512, 10.64226, 8.484, 11.6144], "texture": "#no_recolor"}
			}
		},
		{
			"name": "no_recolor88",
			"from": [7.512, 4.9635, 21.3091],
			"to": [8.484, 7.63656, 21.7951],
			"faces": {
				"north": {"uv": [8.484, 8.36344, 7.512, 11.0365], "texture": "#no_recolor"},
				"east": {"uv": [5.7951, 8.36344, 5.3091, 11.0365], "texture": "#no_recolor"},
				"south": {"uv": [7.512, 8.36344, 8.484, 11.0365], "texture": "#no_recolor"},
				"west": {"uv": [5.3091, 8.36344, 5.7951, 11.0365], "texture": "#no_recolor"},
				"up": {"uv": [7.512, 5.3091, 8.484, 5.7951], "texture": "#no_recolor"},
				"down": {"uv": [7.512, 10.2049, 8.484, 10.6909], "texture": "#no_recolor"}
			}
		},
		{
			"name": "no_recolor61",
			"from": [7.755, 6.3486, 13.8247],
			"to": [8.241, 7.44215, 14.55377],
			"faces": {
				"north": {"uv": [8.241, 8.55785, 7.755, 9.6514], "texture": "#no_recolor"},
				"east": {"uv": [14.55377, 8.55785, 13.8247, 9.6514], "texture": "#no_recolor"},
				"south": {"uv": [7.755, 8.55785, 8.241, 9.6514], "texture": "#no_recolor"},
				"west": {"uv": [13.8247, 8.55785, 14.55377, 9.6514], "texture": "#no_recolor"},
				"up": {"uv": [7.755, 13.8247, 8.241, 14.55377], "texture": "#no_recolor"},
				"down": {"uv": [7.755, 1.44623, 8.241, 2.1753], "texture": "#no_recolor"}
			}
		},
		{
			"name": "no_recolor62",
			"from": [7.755, 6.2271, 14.5538],
			"to": [8.241, 7.32059, 15.28273],
			"faces": {
				"north": {"uv": [8.241, 8.67941, 7.755, 9.7729], "texture": "#no_recolor"},
				"east": {"uv": [15.28273, 8.67941, 14.5538, 9.7729], "texture": "#no_recolor"},
				"south": {"uv": [7.755, 8.67941, 8.241, 9.7729], "texture": "#no_recolor"},
				"west": {"uv": [14.5538, 8.67941, 15.28273, 9.7729], "texture": "#no_recolor"},
				"up": {"uv": [7.755, 14.5538, 8.241, 15.28273], "texture": "#no_recolor"},
				"down": {"uv": [7.755, 0.71727, 8.241, 1.4462], "texture": "#no_recolor"}
			}
		},
		{
			"name": "no_recolor63",
			"from": [7.755, 6.1055, 15.2827],
			"to": [8.241, 7.19901, 16.01177],
			"faces": {
				"north": {"uv": [8.241, 8.80099, 7.755, 9.8945], "texture": "#no_recolor"},
				"east": {"uv": [0.01177, 8.80099, 15.2827, 9.8945], "texture": "#no_recolor"},
				"south": {"uv": [7.755, 8.80099, 8.241, 9.8945], "texture": "#no_recolor"},
				"west": {"uv": [15.2827, 8.80099, 16, 9.8945], "texture": "#no_recolor"},
				"up": {"uv": [7.755, 15.2827, 8.241, 16], "texture": "#no_recolor"},
				"down": {"uv": [7.755, 0, 8.241, 0.7173], "texture": "#no_recolor"}
			}
		},
		{
			"name": "no_recolor64",
			"from": [7.755, 5.984, 16.0118],
			"to": [8.241, 6.227, 16.74073],
			"faces": {
				"north": {"uv": [8.241, 9.773, 7.755, 10.016], "texture": "#no_recolor"},
				"east": {"uv": [0.74073, 9.773, 0.0118, 10.016], "texture": "#no_recolor"},
				"south": {"uv": [7.755, 9.773, 8.241, 10.016], "texture": "#no_recolor"},
				"west": {"uv": [0.0118, 9.773, 0.74073, 10.016], "texture": "#no_recolor"},
				"up": {"uv": [7.755, 0.0118, 8.241, 0.74073], "texture": "#no_recolor"},
				"down": {"uv": [7.755, 15.25927, 8.241, 15.9882], "texture": "#no_recolor"}
			}
		},
		{
			"name": "no_recolor65",
			"from": [7.755, 5.8626, 16.7407],
			"to": [8.241, 6.1056, 17.46963],
			"faces": {
				"north": {"uv": [8.241, 9.8944, 7.755, 10.1374], "texture": "#no_recolor"},
				"east": {"uv": [1.46963, 9.8944, 0.7407, 10.1374], "texture": "#no_recolor"},
				"south": {"uv": [7.755, 9.8944, 8.241, 10.1374], "texture": "#no_recolor"},
				"west": {"uv": [0.7407, 9.8944, 1.46963, 10.1374], "texture": "#no_recolor"},
				"up": {"uv": [7.755, 0.7407, 8.241, 1.46963], "texture": "#no_recolor"},
				"down": {"uv": [7.755, 14.53037, 8.241, 15.2593], "texture": "#no_recolor"}
			}
		},
		{
			"name": "no_recolor66",
			"from": [7.755, 5.7411, 17.4698],
			"to": [8.241, 5.9841, 18.19873],
			"faces": {
				"north": {"uv": [8.241, 10.0159, 7.755, 10.2589], "texture": "#no_recolor"},
				"east": {"uv": [2.19873, 10.0159, 1.4698, 10.2589], "texture": "#no_recolor"},
				"south": {"uv": [7.755, 10.0159, 8.241, 10.2589], "texture": "#no_recolor"},
				"west": {"uv": [1.4698, 10.0159, 2.19873, 10.2589], "texture": "#no_recolor"},
				"up": {"uv": [7.755, 1.4698, 8.241, 2.19873], "texture": "#no_recolor"},
				"down": {"uv": [7.755, 13.80127, 8.241, 14.5302], "texture": "#no_recolor"}
			}
		},
		{
			"name": "no_recolor67",
			"from": [7.755, 5.6195, 18.1987],
			"to": [8.241, 7.19901, 18.92777],
			"faces": {
				"north": {"uv": [8.241, 8.80099, 7.755, 10.3805], "texture": "#no_recolor"},
				"east": {"uv": [2.92777, 8.80099, 2.1987, 10.3805], "texture": "#no_recolor"},
				"south": {"uv": [7.755, 8.80099, 8.241, 10.3805], "texture": "#no_recolor"},
				"west": {"uv": [2.1987, 8.80099, 2.92777, 10.3805], "texture": "#no_recolor"},
				"up": {"uv": [7.755, 2.1987, 8.241, 2.92777], "texture": "#no_recolor"},
				"down": {"uv": [7.755, 13.07223, 8.241, 13.8013], "texture": "#no_recolor"}
			}
		},
		{
			"name": "no_recolor68",
			"from": [7.755, 5.498, 18.9278],
			"to": [8.241, 5.741, 19.65673],
			"faces": {
				"north": {"uv": [8.241, 10.259, 7.755, 10.502], "texture": "#no_recolor"},
				"east": {"uv": [3.65673, 10.259, 2.9278, 10.502], "texture": "#no_recolor"},
				"south": {"uv": [7.755, 10.259, 8.241, 10.502], "texture": "#no_recolor"},
				"west": {"uv": [2.9278, 10.259, 3.65673, 10.502], "texture": "#no_recolor"},
				"up": {"uv": [7.755, 2.9278, 8.241, 3.65673], "texture": "#no_recolor"},
				"down": {"uv": [7.755, 12.34327, 8.241, 13.0722], "texture": "#no_recolor"}
			}
		},
		{
			"name": "no_recolor69",
			"from": [7.755, 5.3766, 19.6567],
			"to": [8.241, 5.6196, 20.38563],
			"faces": {
				"north": {"uv": [8.241, 10.3804, 7.755, 10.6234], "texture": "#no_recolor"},
				"east": {"uv": [4.38563, 10.3804, 3.6567, 10.6234], "texture": "#no_recolor"},
				"south": {"uv": [7.755, 10.3804, 8.241, 10.6234], "texture": "#no_recolor"},
				"west": {"uv": [3.6567, 10.3804, 4.38563, 10.6234], "texture": "#no_recolor"},
				"up": {"uv": [7.755, 3.6567, 8.241, 4.38563], "texture": "#no_recolor"},
				"down": {"uv": [7.755, 11.61437, 8.241, 12.3433], "texture": "#no_recolor"}
			}
		},
		{
			"name": "no_recolor70",
			"from": [7.755, 5.2551, 20.3856],
			"to": [8.241, 5.4981, 21.35774],
			"faces": {
				"north": {"uv": [8.241, 10.5019, 7.755, 10.7449], "texture": "#no_recolor"},
				"east": {"uv": [5.35774, 10.5019, 4.3856, 10.7449], "texture": "#no_recolor"},
				"south": {"uv": [7.755, 10.5019, 8.241, 10.7449], "texture": "#no_recolor"},
				"west": {"uv": [4.3856, 10.5019, 5.35774, 10.7449], "texture": "#no_recolor"},
				"up": {"uv": [7.755, 4.3856, 8.241, 5.35774], "texture": "#no_recolor"},
				"down": {"uv": [7.755, 10.64226, 8.241, 11.6144], "texture": "#no_recolor"}
			}
		},
		{
			"name": "no_recolor71",
			"from": [7.755, 5.498, 20.8718],
			"to": [8.241, 7.199, 21.3578],
			"faces": {
				"north": {"uv": [8.241, 8.801, 7.755, 10.502], "texture": "#no_recolor"},
				"east": {"uv": [5.3578, 8.801, 4.8718, 10.502], "texture": "#no_recolor"},
				"south": {"uv": [7.755, 8.801, 8.241, 10.502], "texture": "#no_recolor"},
				"west": {"uv": [4.8718, 8.801, 5.3578, 10.502], "texture": "#no_recolor"},
				"up": {"uv": [7.755, 4.8718, 8.241, 5.3578], "texture": "#no_recolor"},
				"down": {"uv": [7.755, 10.6422, 8.241, 11.1282], "texture": "#no_recolor"}
			}
		},
		{
			"name": "no_recolor60",
			"from": [7.755, 6.2999, 0.3382],
			"to": [8.241, 6.7859, 1.79621],
			"faces": {
				"north": {"uv": [8.241, 9.2141, 7.755, 9.7001], "texture": "#no_recolor"},
				"east": {"uv": [1.79621, 9.2141, 0.3382, 9.7001], "texture": "#no_recolor"},
				"south": {"uv": [7.755, 9.2141, 8.241, 9.7001], "texture": "#no_recolor"},
				"west": {"uv": [0.3382, 9.2141, 1.79621, 9.7001], "texture": "#no_recolor"},
				"up": {"uv": [7.755, 0.3382, 8.241, 1.79621], "texture": "#no_recolor"},
				"down": {"uv": [7.755, 14.20379, 8.241, 15.6618], "texture": "#no_recolor"}
			}
		},
		{
			"name": "no_recolor52",
			"from": [7.755, 8.1711, 1.6747],
			"to": [8.241, 8.41417, 2.4037],
			"faces": {
				"north": {"uv": [8.241, 7.58583, 7.755, 7.8289], "texture": "#no_recolor"},
				"east": {"uv": [2.4037, 7.58583, 1.6747, 7.8289], "texture": "#no_recolor"},
				"south": {"uv": [7.755, 7.58583, 8.241, 7.8289], "texture": "#no_recolor"},
				"west": {"uv": [1.6747, 7.58583, 2.4037, 7.8289], "texture": "#no_recolor"},
				"up": {"uv": [7.755, 1.6747, 8.241, 2.4037], "texture": "#no_recolor"},
				"down": {"uv": [7.755, 13.5963, 8.241, 14.3253], "texture": "#no_recolor"}
			}
		},
		{
			"name": "Element",
			"from": [8.1782, 8.3169, 1.6747],
			"to": [8.3726, 8.4069, 2.1607],
			"rotation": {"angle": 45, "axis": "z", "origin": [8.17821, 8.40695, 1.6747]},
			"faces": {
				"north": {"uv": [8.43628, 7.56673, 8.24187, 7.65673], "texture": "#no_recolor"},
				"east": {"uv": [2.1607, 7.56673, 1.6747, 7.65673], "texture": "#no_recolor"},
				"south": {"uv": [8.24187, 7.56673, 8.43628, 7.65673], "texture": "#no_recolor"},
				"west": {"uv": [1.6747, 7.56673, 2.1607, 7.65673], "texture": "#no_recolor"},
				"up": {"uv": [8.24187, 1.6747, 8.43628, 2.1607], "texture": "#no_recolor"},
				"down": {"uv": [8.24187, 13.8393, 8.43628, 14.3253], "texture": "#no_recolor"}
			}
		},
		{
			"name": "no_recolor55",
			"from": [7.6746, 8.4602, 1.6747],
			"to": [7.869, 8.5502, 2.1607],
			"rotation": {"angle": -45, "axis": "z", "origin": [7.67456, 8.55022, 1.6747]},
			"faces": {
				"north": {"uv": [7.80533, 7.42346, 7.61093, 7.51347], "texture": "#no_recolor"},
				"east": {"uv": [2.1607, 7.42346, 1.6747, 7.51347], "texture": "#no_recolor"},
				"south": {"uv": [7.61093, 7.42346, 7.80533, 7.51347], "texture": "#no_recolor"},
				"west": {"uv": [1.6747, 7.42346, 2.1607, 7.51347], "texture": "#no_recolor"},
				"up": {"uv": [7.61093, 1.6747, 7.80533, 2.1607], "texture": "#no_recolor"},
				"down": {"uv": [7.61093, 13.8393, 7.80533, 14.3253], "texture": "#no_recolor"}
			}
		},
		{
			"name": "no_recolor53",
			"from": [7.6118, 8.4873, 1.6747],
			"to": [7.7018, 8.9733, 2.1607],
			"faces": {
				"north": {"uv": [7.7018, 7.0267, 7.6118, 7.5127], "texture": "#no_recolor"},
				"east": {"uv": [2.1607, 7.0267, 1.6747, 7.5127], "texture": "#no_recolor"},
				"south": {"uv": [7.6118, 7.0267, 7.7018, 7.5127], "texture": "#no_recolor"},
				"west": {"uv": [1.6747, 7.0267, 2.1607, 7.5127], "texture": "#no_recolor"},
				"up": {"uv": [7.6118, 1.6747, 7.7018, 2.1607], "texture": "#no_recolor"},
				"down": {"uv": [7.6118, 13.8393, 7.7018, 14.3253], "texture": "#no_recolor"}
			}
		},
		{
			"name": "no_recolor57",
			"from": [8.2872, 8.4873, 1.6747],
			"to": [8.3772, 8.9733, 2.1607],
			"faces": {
				"north": {"uv": [8.3772, 7.0267, 8.2872, 7.5127], "texture": "#no_recolor"},
				"east": {"uv": [2.1607, 7.0267, 1.6747, 7.5127], "texture": "#no_recolor"},
				"south": {"uv": [8.2872, 7.0267, 8.3772, 7.5127], "texture": "#no_recolor"},
				"west": {"uv": [1.6747, 7.0267, 2.1607, 7.5127], "texture": "#no_recolor"},
				"up": {"uv": [8.2872, 1.6747, 8.3772, 2.1607], "texture": "#no_recolor"},
				"down": {"uv": [8.2872, 13.8393, 8.3772, 14.3253], "texture": "#no_recolor"}
			}
		},
		{
			"name": "no_recolor54",
			"from": [7.6118, 8.8833, 1.6747],
			"to": [7.8062, 8.9733, 2.1607],
			"rotation": {"angle": 45, "axis": "z", "origin": [7.61174, 8.9733, 1.6747]},
			"faces": {
				"north": {"uv": [7.86982, 7.0003, 7.67542, 7.0903], "texture": "#no_recolor"},
				"east": {"uv": [2.1607, 7.0003, 1.6747, 7.0903], "texture": "#no_recolor"},
				"south": {"uv": [7.67542, 7.0003, 7.86982, 7.0903], "texture": "#no_recolor"},
				"west": {"uv": [1.6747, 7.0003, 2.1607, 7.0903], "texture": "#no_recolor"},
				"up": {"uv": [7.67542, 1.6747, 7.86982, 2.1607], "texture": "#no_recolor"},
				"down": {"uv": [7.67542, 13.8393, 7.86982, 14.3253], "texture": "#no_recolor"}
			}
		},
		{
			"name": "no_recolor58",
			"from": [8.2411, 9.0194, 1.6747],
			"to": [8.4355, 9.1094, 2.1607],
			"rotation": {"angle": -45, "axis": "z", "origin": [8.24102, 9.10938, 1.6747]},
			"faces": {
				"north": {"uv": [8.37185, 6.8643, 8.17745, 6.9543], "texture": "#no_recolor"},
				"east": {"uv": [2.1607, 6.8643, 1.6747, 6.9543], "texture": "#no_recolor"},
				"south": {"uv": [8.17745, 6.8643, 8.37185, 6.9543], "texture": "#no_recolor"},
				"west": {"uv": [1.6747, 6.8643, 2.1607, 6.9543], "texture": "#no_recolor"},
				"up": {"uv": [8.17745, 1.6747, 8.37185, 2.1607], "texture": "#no_recolor"},
				"down": {"uv": [8.17745, 13.8393, 8.37185, 14.3253], "texture": "#no_recolor"}
			}
		},
		{
			"name": "no_recolor59",
			"from": [7.7478, 9.0194, 1.6747],
			"to": [8.2338, 9.1094, 2.1607],
			"faces": {
				"north": {"uv": [8.2338, 6.8906, 7.7478, 6.9806], "texture": "#no_recolor"},
				"east": {"uv": [2.1607, 6.8906, 1.6747, 6.9806], "texture": "#no_recolor"},
				"south": {"uv": [7.7478, 6.8906, 8.2338, 6.9806], "texture": "#no_recolor"},
				"west": {"uv": [1.6747, 6.8906, 2.1607, 6.9806], "texture": "#no_recolor"},
				"up": {"uv": [7.7478, 1.6747, 8.2338, 2.1607], "texture": "#no_recolor"},
				"down": {"uv": [7.7478, 13.8393, 8.2338, 14.3253], "texture": "#no_recolor"}
			}
		},
		{
			"name": "no_recolor56",
			"from": [7.9521, 8.4141, 1.7962],
			"to": [8.0421, 8.7057, 2.0392],
			"faces": {
				"north": {"uv": [8.0421, 7.2943, 7.9521, 7.5859], "texture": "#no_recolor"},
				"east": {"uv": [2.0392, 7.2943, 1.7962, 7.5859], "texture": "#no_recolor"},
				"south": {"uv": [7.9521, 7.2943, 8.0421, 7.5859], "texture": "#no_recolor"},
				"west": {"uv": [1.7962, 7.2943, 2.0392, 7.5859], "texture": "#no_recolor"},
				"up": {"uv": [7.9521, 1.7962, 8.0421, 2.0392], "texture": "#no_recolor"},
				"down": {"uv": [7.9521, 13.9608, 8.0421, 14.2038], "texture": "#no_recolor"}
			}
		},
		{
			"name": "no_recolor51",
			"from": [7.512, 8.1711, 12.3667],
			"to": [8.484, 8.41417, 12.8527],
			"faces": {
				"north": {"uv": [8.484, 7.58583, 7.512, 7.8289], "texture": "#no_recolor"},
				"east": {"uv": [12.8527, 7.58583, 12.3667, 7.8289], "texture": "#no_recolor"},
				"south": {"uv": [7.512, 7.58583, 8.484, 7.8289], "texture": "#no_recolor"},
				"west": {"uv": [12.3667, 7.58583, 12.8527, 7.8289], "texture": "#no_recolor"},
				"up": {"uv": [7.512, 12.3667, 8.484, 12.8527], "texture": "#no_recolor"},
				"down": {"uv": [7.512, 3.1473, 8.484, 3.6333], "texture": "#no_recolor"}
			}
		},
		{
			"name": "no_recolor47",
			"from": [7.512, 8.4141, 12.3667],
			"to": [7.6092, 8.65703, 12.8527],
			"faces": {
				"north": {"uv": [7.6092, 7.34297, 7.512, 7.5859], "texture": "#no_recolor"},
				"east": {"uv": [12.8527, 7.34297, 12.3667, 7.5859], "texture": "#no_recolor"},
				"south": {"uv": [7.512, 7.34297, 7.6092, 7.5859], "texture": "#no_recolor"},
				"west": {"uv": [12.3667, 7.34297, 12.8527, 7.5859], "texture": "#no_recolor"},
				"up": {"uv": [7.512, 12.3667, 7.6092, 12.8527], "texture": "#no_recolor"},
				"down": {"uv": [7.512, 3.1473, 7.6092, 3.6333], "texture": "#no_recolor"}
			}
		},
		{
			"name": "no_recolor46",
			"from": [8.3868, 8.4141, 12.3667],
			"to": [8.484, 8.65703, 12.8527],
			"faces": {
				"north": {"uv": [8.484, 7.34297, 8.3868, 7.5859], "texture": "#no_recolor"},
				"east": {"uv": [12.8527, 7.34297, 12.3667, 7.5859], "texture": "#no_recolor"},
				"south": {"uv": [8.3868, 7.34297, 8.484, 7.5859], "texture": "#no_recolor"},
				"west": {"uv": [12.3667, 7.34297, 12.8527, 7.5859], "texture": "#no_recolor"},
				"up": {"uv": [8.3868, 12.3667, 8.484, 12.8527], "texture": "#no_recolor"},
				"down": {"uv": [8.3868, 3.1473, 8.484, 3.6333], "texture": "#no_recolor"}
			}
		},
		{
			"name": "no_recolor49",
			"from": [7.513, 8.1711, 12.8527],
			"to": [7.60827, 8.6571, 13.5817],
			"rotation": {"angle": 45, "axis": "x", "origin": [7.51299, 8.65707, 12.8527]},
			"faces": {
				"north": {"uv": [7.60827, 7.20056, 7.513, 7.68656], "texture": "#no_recolor"},
				"east": {"uv": [13.23807, 7.20056, 12.50907, 7.68656], "texture": "#no_recolor"},
				"south": {"uv": [7.513, 7.20056, 7.60827, 7.68656], "texture": "#no_recolor"},
				"west": {"uv": [12.50907, 7.20056, 13.23807, 7.68656], "texture": "#no_recolor"},
				"up": {"uv": [7.513, 12.50907, 7.60827, 13.23807], "texture": "#no_recolor"},
				"down": {"uv": [7.513, 2.76193, 7.60827, 3.49093], "texture": "#no_recolor"}
			}
		},
		{
			"name": "no_recolor50",
			"from": [8.3878, 8.1711, 12.8527],
			"to": [8.48305, 8.6571, 13.5817],
			"rotation": {"angle": 45, "axis": "x", "origin": [8.3878, 8.65707, 12.8527]},
			"faces": {
				"north": {"uv": [8.48305, 7.20056, 8.3878, 7.68656], "texture": "#no_recolor"},
				"east": {"uv": [13.23807, 7.20056, 12.50907, 7.68656], "texture": "#no_recolor"},
				"south": {"uv": [8.3878, 7.20056, 8.48305, 7.68656], "texture": "#no_recolor"},
				"west": {"uv": [12.50907, 7.20056, 13.23807, 7.68656], "texture": "#no_recolor"},
				"up": {"uv": [8.3878, 12.50907, 8.48305, 13.23807], "texture": "#no_recolor"},
				"down": {"uv": [8.3878, 2.76193, 8.48305, 3.49093], "texture": "#no_recolor"}
			}
		},
		{
			"name": "no_recolor43",
			"from": [7.6821, 8.4141, 12.4882],
			"to": [7.9251, 8.7057, 12.60971],
			"faces": {
				"north": {"uv": [7.9251, 7.2943, 7.6821, 7.5859], "texture": "#no_recolor"},
				"east": {"uv": [12.60971, 7.2943, 12.4882, 7.5859], "texture": "#no_recolor"},
				"south": {"uv": [7.6821, 7.2943, 7.9251, 7.5859], "texture": "#no_recolor"},
				"west": {"uv": [12.4882, 7.2943, 12.60971, 7.5859], "texture": "#no_recolor"},
				"up": {"uv": [7.6821, 12.4882, 7.9251, 12.60971], "texture": "#no_recolor"},
				"down": {"uv": [7.6821, 3.39029, 7.9251, 3.5118], "texture": "#no_recolor"}
			}
		},
		{
			"name": "no_recolor44",
			"from": [8.0709, 8.4141, 12.4882],
			"to": [8.31389, 8.7057, 12.60971],
			"faces": {
				"north": {"uv": [8.31389, 7.2943, 8.0709, 7.5859], "texture": "#no_recolor"},
				"east": {"uv": [12.60971, 7.2943, 12.4882, 7.5859], "texture": "#no_recolor"},
				"south": {"uv": [8.0709, 7.2943, 8.31389, 7.5859], "texture": "#no_recolor"},
				"west": {"uv": [12.4882, 7.2943, 12.60971, 7.5859], "texture": "#no_recolor"},
				"up": {"uv": [8.0709, 12.4882, 8.31389, 12.60971], "texture": "#no_recolor"},
				"down": {"uv": [8.0709, 3.39029, 8.31389, 3.5118], "texture": "#no_recolor"}
			}
		},
		{
			"name": "no_recolor45",
			"from": [7.6092, 8.4141, 12.3667],
			"to": [8.3868, 8.53549, 12.8041],
			"faces": {
				"north": {"uv": [8.3868, 7.46451, 7.6092, 7.5859], "texture": "#no_recolor"},
				"east": {"uv": [12.8041, 7.46451, 12.3667, 7.5859], "texture": "#no_recolor"},
				"south": {"uv": [7.6092, 7.46451, 8.3868, 7.5859], "texture": "#no_recolor"},
				"west": {"uv": [12.3667, 7.46451, 12.8041, 7.5859], "texture": "#no_recolor"},
				"up": {"uv": [7.6092, 12.3667, 8.3868, 12.8041], "texture": "#no_recolor"},
				"down": {"uv": [7.6092, 3.1959, 8.3868, 3.6333], "texture": "#no_recolor"}
			}
		},
		{
			"name": "no_recolor48",
			"from": [7.6102, 8.0495, 12.8042],
			"to": [8.38782, 8.5355, 13.5332],
			"rotation": {"angle": 45, "axis": "x", "origin": [7.61019, 8.53554, 12.8041]},
			"faces": {
				"north": {"uv": [8.38782, 7.32221, 7.6102, 7.80821], "texture": "#no_recolor"},
				"east": {"uv": [13.18949, 7.32221, 12.46049, 7.80821], "texture": "#no_recolor"},
				"south": {"uv": [7.6102, 7.32221, 8.38782, 7.80821], "texture": "#no_recolor"},
				"west": {"uv": [12.46049, 7.32221, 13.18949, 7.80821], "texture": "#no_recolor"},
				"up": {"uv": [7.6102, 12.46049, 8.38782, 13.18949], "texture": "#no_recolor"},
				"down": {"uv": [7.6102, 2.81051, 8.38782, 3.53951], "texture": "#no_recolor"}
			}
		},
		{
			"name": "no_recolor18",
			"from": [7.6336, 8.2683, 6.0487],
			"to": [8.3626, 8.3655, 12.3667],
			"faces": {
				"north": {"uv": [8.3626, 7.6345, 7.6336, 7.7317], "texture": "#no_recolor"},
				"east": {"uv": [12.3667, 7.6345, 6.0487, 7.7317], "texture": "#no_recolor"},
				"south": {"uv": [7.6336, 7.6345, 8.3626, 7.7317], "texture": "#no_recolor"},
				"west": {"uv": [6.0487, 7.6345, 12.3667, 7.7317], "texture": "#no_recolor"},
				"up": {"uv": [7.6336, 6.0487, 8.3626, 12.3667], "texture": "#no_recolor"},
				"down": {"uv": [7.6336, 3.6333, 8.3626, 9.9513], "texture": "#no_recolor"}
			}
		},
		{
			"name": "no_recolor19",
			"from": [7.6336, 8.3241, 6.0487],
			"to": [8.3626, 8.4141, 6.17021],
			"faces": {
				"north": {"uv": [8.3626, 7.5859, 7.6336, 7.6759], "texture": "#no_recolor"},
				"east": {"uv": [6.17021, 7.5859, 6.0487, 7.6759], "texture": "#no_recolor"},
				"south": {"uv": [7.6336, 7.5859, 8.3626, 7.6759], "texture": "#no_recolor"},
				"west": {"uv": [6.0487, 7.5859, 6.17021, 7.6759], "texture": "#no_recolor"},
				"up": {"uv": [7.6336, 6.0487, 8.3626, 6.17021], "texture": "#no_recolor"},
				"down": {"uv": [7.6336, 9.82979, 8.3626, 9.9513], "texture": "#no_recolor"}
			}
		},
		{
			"name": "no_recolor20",
			"from": [7.6336, 8.3241, 6.2916],
			"to": [8.3626, 8.4141, 6.41309],
			"faces": {
				"north": {"uv": [8.3626, 7.5859, 7.6336, 7.6759], "texture": "#no_recolor"},
				"east": {"uv": [6.41309, 7.5859, 6.2916, 7.6759], "texture": "#no_recolor"},
				"south": {"uv": [7.6336, 7.5859, 8.3626, 7.6759], "texture": "#no_recolor"},
				"west": {"uv": [6.2916, 7.5859, 6.41309, 7.6759], "texture": "#no_recolor"},
				"up": {"uv": [7.6336, 6.2916, 8.3626, 6.41309], "texture": "#no_recolor"},
				"down": {"uv": [7.6336, 9.58691, 8.3626, 9.7084], "texture": "#no_recolor"}
			}
		},
		{
			"name": "no_recolor21",
			"from": [7.6336, 8.3241, 6.5347],
			"to": [8.3626, 8.4141, 6.65619],
			"faces": {
				"north": {"uv": [8.3626, 7.5859, 7.6336, 7.6759], "texture": "#no_recolor"},
				"east": {"uv": [6.65619, 7.5859, 6.5347, 7.6759], "texture": "#no_recolor"},
				"south": {"uv": [7.6336, 7.5859, 8.3626, 7.6759], "texture": "#no_recolor"},
				"west": {"uv": [6.5347, 7.5859, 6.65619, 7.6759], "texture": "#no_recolor"},
				"up": {"uv": [7.6336, 6.5347, 8.3626, 6.65619], "texture": "#no_recolor"},
				"down": {"uv": [7.6336, 9.34381, 8.3626, 9.4653], "texture": "#no_recolor"}
			}
		},
		{
			"name": "no_recolor22",
			"from": [7.6336, 8.3241, 6.7778],
			"to": [8.3626, 8.4141, 6.89929],
			"faces": {
				"north": {"uv": [8.3626, 7.5859, 7.6336, 7.6759], "texture": "#no_recolor"},
				"east": {"uv": [6.89929, 7.5859, 6.7778, 7.6759], "texture": "#no_recolor"},
				"south": {"uv": [7.6336, 7.5859, 8.3626, 7.6759], "texture": "#no_recolor"},
				"west": {"uv": [6.7778, 7.5859, 6.89929, 7.6759], "texture": "#no_recolor"},
				"up": {"uv": [7.6336, 6.7778, 8.3626, 6.89929], "texture": "#no_recolor"},
				"down": {"uv": [7.6336, 9.10071, 8.3626, 9.2222], "texture": "#no_recolor"}
			}
		},
		{
			"name": "no_recolor23",
			"from": [7.6336, 8.3241, 7.0207],
			"to": [8.3626, 8.4141, 7.14219],
			"faces": {
				"north": {"uv": [8.3626, 7.5859, 7.6336, 7.6759], "texture": "#no_recolor"},
				"east": {"uv": [7.14219, 7.5859, 7.0207, 7.6759], "texture": "#no_recolor"},
				"south": {"uv": [7.6336, 7.5859, 8.3626, 7.6759], "texture": "#no_recolor"},
				"west": {"uv": [7.0207, 7.5859, 7.14219, 7.6759], "texture": "#no_recolor"},
				"up": {"uv": [7.6336, 7.0207, 8.3626, 7.14219], "texture": "#no_recolor"},
				"down": {"uv": [7.6336, 8.85781, 8.3626, 8.9793], "texture": "#no_recolor"}
			}
		},
		{
			"name": "no_recolor24",
			"from": [7.6336, 8.3241, 7.2636],
			"to": [8.3626, 8.4141, 7.38511],
			"faces": {
				"north": {"uv": [8.3626, 7.5859, 7.6336, 7.6759], "texture": "#no_recolor"},
				"east": {"uv": [7.38511, 7.5859, 7.2636, 7.6759], "texture": "#no_recolor"},
				"south": {"uv": [7.6336, 7.5859, 8.3626, 7.6759], "texture": "#no_recolor"},
				"west": {"uv": [7.2636, 7.5859, 7.38511, 7.6759], "texture": "#no_recolor"},
				"up": {"uv": [7.6336, 7.2636, 8.3626, 7.38511], "texture": "#no_recolor"},
				"down": {"uv": [7.6336, 8.61489, 8.3626, 8.7364], "texture": "#no_recolor"}
			}
		},
		{
			"name": "no_recolor25",
			"from": [7.6336, 8.3241, 7.5067],
			"to": [8.3626, 8.4141, 7.62819],
			"faces": {
				"north": {"uv": [8.3626, 7.5859, 7.6336, 7.6759], "texture": "#no_recolor"},
				"east": {"uv": [7.62819, 7.5859, 7.5067, 7.6759], "texture": "#no_recolor"},
				"south": {"uv": [7.6336, 7.5859, 8.3626, 7.6759], "texture": "#no_recolor"},
				"west": {"uv": [7.5067, 7.5859, 7.62819, 7.6759], "texture": "#no_recolor"},
				"up": {"uv": [7.6336, 7.5067, 8.3626, 7.62819], "texture": "#no_recolor"},
				"down": {"uv": [7.6336, 8.37181, 8.3626, 8.4933], "texture": "#no_recolor"}
			}
		},
		{
			"name": "no_recolor26",
			"from": [7.6336, 8.3241, 7.7498],
			"to": [8.3626, 8.4141, 7.87129],
			"faces": {
				"north": {"uv": [8.3626, 7.5859, 7.6336, 7.6759], "texture": "#no_recolor"},
				"east": {"uv": [7.87129, 7.5859, 7.7498, 7.6759], "texture": "#no_recolor"},
				"south": {"uv": [7.6336, 7.5859, 8.3626, 7.6759], "texture": "#no_recolor"},
				"west": {"uv": [7.7498, 7.5859, 7.87129, 7.6759], "texture": "#no_recolor"},
				"up": {"uv": [7.6336, 7.7498, 8.3626, 7.87129], "texture": "#no_recolor"},
				"down": {"uv": [7.6336, 8.12871, 8.3626, 8.2502], "texture": "#no_recolor"}
			}
		},
		{
			"name": "no_recolor27",
			"from": [7.6336, 8.3241, 7.9927],
			"to": [8.3626, 8.4141, 8.11419],
			"faces": {
				"north": {"uv": [8.3626, 7.5859, 7.6336, 7.6759], "texture": "#no_recolor"},
				"east": {"uv": [8.11419, 7.5859, 7.9927, 7.6759], "texture": "#no_recolor"},
				"south": {"uv": [7.6336, 7.5859, 8.3626, 7.6759], "texture": "#no_recolor"},
				"west": {"uv": [7.9927, 7.5859, 8.11419, 7.6759], "texture": "#no_recolor"},
				"up": {"uv": [7.6336, 7.9927, 8.3626, 8.11419], "texture": "#no_recolor"},
				"down": {"uv": [7.6336, 7.88581, 8.3626, 8.0073], "texture": "#no_recolor"}
			}
		},
		{
			"name": "no_recolor28",
			"from": [7.6336, 8.3241, 8.2356],
			"to": [8.3626, 8.4141, 8.35709],
			"faces": {
				"north": {"uv": [8.3626, 7.5859, 7.6336, 7.6759], "texture": "#no_recolor"},
				"east": {"uv": [8.35709, 7.5859, 8.2356, 7.6759], "texture": "#no_recolor"},
				"south": {"uv": [7.6336, 7.5859, 8.3626, 7.6759], "texture": "#no_recolor"},
				"west": {"uv": [8.2356, 7.5859, 8.35709, 7.6759], "texture": "#no_recolor"},
				"up": {"uv": [7.6336, 8.2356, 8.3626, 8.35709], "texture": "#no_recolor"},
				"down": {"uv": [7.6336, 7.64291, 8.3626, 7.7644], "texture": "#no_recolor"}
			}
		},
		{
			"name": "no_recolor29",
			"from": [7.6336, 8.3241, 8.4787],
			"to": [8.3626, 8.4141, 8.60021],
			"faces": {
				"north": {"uv": [8.3626, 7.5859, 7.6336, 7.6759], "texture": "#no_recolor"},
				"east": {"uv": [8.60021, 7.5859, 8.4787, 7.6759], "texture": "#no_recolor"},
				"south": {"uv": [7.6336, 7.5859, 8.3626, 7.6759], "texture": "#no_recolor"},
				"west": {"uv": [8.4787, 7.5859, 8.60021, 7.6759], "texture": "#no_recolor"},
				"up": {"uv": [7.6336, 8.4787, 8.3626, 8.60021], "texture": "#no_recolor"},
				"down": {"uv": [7.6336, 7.3998, 8.3626, 7.5213], "texture": "#no_recolor"}
			}
		},
		{
			"name": "no_recolor30",
			"from": [7.6336, 8.3241, 8.7218],
			"to": [8.3626, 8.4141, 8.84329],
			"faces": {
				"north": {"uv": [8.3626, 7.5859, 7.6336, 7.6759], "texture": "#no_recolor"},
				"east": {"uv": [8.84329, 7.5859, 8.7218, 7.6759], "texture": "#no_recolor"},
				"south": {"uv": [7.6336, 7.5859, 8.3626, 7.6759], "texture": "#no_recolor"},
				"west": {"uv": [8.7218, 7.5859, 8.84329, 7.6759], "texture": "#no_recolor"},
				"up": {"uv": [7.6336, 8.7218, 8.3626, 8.84329], "texture": "#no_recolor"},
				"down": {"uv": [7.6336, 7.15671, 8.3626, 7.2782], "texture": "#no_recolor"}
			}
		},
		{
			"name": "no_recolor31",
			"from": [7.6336, 8.3241, 8.9647],
			"to": [8.3626, 8.4141, 9.08619],
			"faces": {
				"north": {"uv": [8.3626, 7.5859, 7.6336, 7.6759], "texture": "#no_recolor"},
				"east": {"uv": [9.08619, 7.5859, 8.9647, 7.6759], "texture": "#no_recolor"},
				"south": {"uv": [7.6336, 7.5859, 8.3626, 7.6759], "texture": "#no_recolor"},
				"west": {"uv": [8.9647, 7.5859, 9.08619, 7.6759], "texture": "#no_recolor"},
				"up": {"uv": [7.6336, 8.9647, 8.3626, 9.08619], "texture": "#no_recolor"},
				"down": {"uv": [7.6336, 6.91381, 8.3626, 7.0353], "texture": "#no_recolor"}
			}
		},
		{
			"name": "no_recolor32",
			"from": [7.6336, 8.3241, 9.2076],
			"to": [8.3626, 8.4141, 9.32909],
			"faces": {
				"north": {"uv": [8.3626, 7.5859, 7.6336, 7.6759], "texture": "#no_recolor"},
				"east": {"uv": [9.32909, 7.5859, 9.2076, 7.6759], "texture": "#no_recolor"},
				"south": {"uv": [7.6336, 7.5859, 8.3626, 7.6759], "texture": "#no_recolor"},
				"west": {"uv": [9.2076, 7.5859, 9.32909, 7.6759], "texture": "#no_recolor"},
				"up": {"uv": [7.6336, 9.2076, 8.3626, 9.32909], "texture": "#no_recolor"},
				"down": {"uv": [7.6336, 6.67091, 8.3626, 6.7924], "texture": "#no_recolor"}
			}
		},
		{
			"name": "no_recolor33",
			"from": [7.6336, 8.3241, 9.4507],
			"to": [8.3626, 8.4141, 9.57219],
			"faces": {
				"north": {"uv": [8.3626, 7.5859, 7.6336, 7.6759], "texture": "#no_recolor"},
				"east": {"uv": [9.57219, 7.5859, 9.4507, 7.6759], "texture": "#no_recolor"},
				"south": {"uv": [7.6336, 7.5859, 8.3626, 7.6759], "texture": "#no_recolor"},
				"west": {"uv": [9.4507, 7.5859, 9.57219, 7.6759], "texture": "#no_recolor"},
				"up": {"uv": [7.6336, 9.4507, 8.3626, 9.57219], "texture": "#no_recolor"},
				"down": {"uv": [7.6336, 6.42781, 8.3626, 6.5493], "texture": "#no_recolor"}
			}
		},
		{
			"name": "no_recolor34",
			"from": [7.6336, 8.3241, 9.6938],
			"to": [8.3626, 8.4141, 9.81531],
			"faces": {
				"north": {"uv": [8.3626, 7.5859, 7.6336, 7.6759], "texture": "#no_recolor"},
				"east": {"uv": [9.81531, 7.5859, 9.6938, 7.6759], "texture": "#no_recolor"},
				"south": {"uv": [7.6336, 7.5859, 8.3626, 7.6759], "texture": "#no_recolor"},
				"west": {"uv": [9.6938, 7.5859, 9.81531, 7.6759], "texture": "#no_recolor"},
				"up": {"uv": [7.6336, 9.6938, 8.3626, 9.81531], "texture": "#no_recolor"},
				"down": {"uv": [7.6336, 6.18469, 8.3626, 6.3062], "texture": "#no_recolor"}
			}
		},
		{
			"name": "no_recolor35",
			"from": [7.6336, 8.3241, 9.9367],
			"to": [8.3626, 8.4141, 10.05819],
			"faces": {
				"north": {"uv": [8.3626, 7.5859, 7.6336, 7.6759], "texture": "#no_recolor"},
				"east": {"uv": [10.05819, 7.5859, 9.9367, 7.6759], "texture": "#no_recolor"},
				"south": {"uv": [7.6336, 7.5859, 8.3626, 7.6759], "texture": "#no_recolor"},
				"west": {"uv": [9.9367, 7.5859, 10.05819, 7.6759], "texture": "#no_recolor"},
				"up": {"uv": [7.6336, 9.9367, 8.3626, 10.05819], "texture": "#no_recolor"},
				"down": {"uv": [7.6336, 5.94181, 8.3626, 6.0633], "texture": "#no_recolor"}
			}
		},
		{
			"name": "no_recolor36",
			"from": [7.6336, 8.3241, 10.1796],
			"to": [8.3626, 8.4141, 10.30109],
			"faces": {
				"north": {"uv": [8.3626, 7.5859, 7.6336, 7.6759], "texture": "#no_recolor"},
				"east": {"uv": [10.30109, 7.5859, 10.1796, 7.6759], "texture": "#no_recolor"},
				"south": {"uv": [7.6336, 7.5859, 8.3626, 7.6759], "texture": "#no_recolor"},
				"west": {"uv": [10.1796, 7.5859, 10.30109, 7.6759], "texture": "#no_recolor"},
				"up": {"uv": [7.6336, 10.1796, 8.3626, 10.30109], "texture": "#no_recolor"},
				"down": {"uv": [7.6336, 5.69891, 8.3626, 5.8204], "texture": "#no_recolor"}
			}
		},
		{
			"name": "no_recolor37",
			"from": [7.6336, 8.3241, 10.4227],
			"to": [8.3626, 8.4141, 10.54419],
			"faces": {
				"north": {"uv": [8.3626, 7.5859, 7.6336, 7.6759], "texture": "#no_recolor"},
				"east": {"uv": [10.54419, 7.5859, 10.4227, 7.6759], "texture": "#no_recolor"},
				"south": {"uv": [7.6336, 7.5859, 8.3626, 7.6759], "texture": "#no_recolor"},
				"west": {"uv": [10.4227, 7.5859, 10.54419, 7.6759], "texture": "#no_recolor"},
				"up": {"uv": [7.6336, 10.4227, 8.3626, 10.54419], "texture": "#no_recolor"},
				"down": {"uv": [7.6336, 5.45581, 8.3626, 5.5773], "texture": "#no_recolor"}
			}
		},
		{
			"name": "no_recolor38",
			"from": [7.6336, 8.3241, 10.6658],
			"to": [8.3626, 8.4141, 10.78731],
			"faces": {
				"north": {"uv": [8.3626, 7.5859, 7.6336, 7.6759], "texture": "#no_recolor"},
				"east": {"uv": [10.78731, 7.5859, 10.6658, 7.6759], "texture": "#no_recolor"},
				"south": {"uv": [7.6336, 7.5859, 8.3626, 7.6759], "texture": "#no_recolor"},
				"west": {"uv": [10.6658, 7.5859, 10.78731, 7.6759], "texture": "#no_recolor"},
				"up": {"uv": [7.6336, 10.6658, 8.3626, 10.78731], "texture": "#no_recolor"},
				"down": {"uv": [7.6336, 5.21269, 8.3626, 5.3342], "texture": "#no_recolor"}
			}
		},
		{
			"name": "no_recolor39",
			"from": [7.6336, 8.3241, 10.9087],
			"to": [8.3626, 8.4141, 11.03021],
			"faces": {
				"north": {"uv": [8.3626, 7.5859, 7.6336, 7.6759], "texture": "#no_recolor"},
				"east": {"uv": [11.03021, 7.5859, 10.9087, 7.6759], "texture": "#no_recolor"},
				"south": {"uv": [7.6336, 7.5859, 8.3626, 7.6759], "texture": "#no_recolor"},
				"west": {"uv": [10.9087, 7.5859, 11.03021, 7.6759], "texture": "#no_recolor"},
				"up": {"uv": [7.6336, 10.9087, 8.3626, 11.03021], "texture": "#no_recolor"},
				"down": {"uv": [7.6336, 4.96979, 8.3626, 5.0913], "texture": "#no_recolor"}
			}
		},
		{
			"name": "no_recolor40",
			"from": [7.6336, 8.3241, 11.1516],
			"to": [8.3626, 8.4141, 11.27309],
			"faces": {
				"north": {"uv": [8.3626, 7.5859, 7.6336, 7.6759], "texture": "#no_recolor"},
				"east": {"uv": [11.27309, 7.5859, 11.1516, 7.6759], "texture": "#no_recolor"},
				"south": {"uv": [7.6336, 7.5859, 8.3626, 7.6759], "texture": "#no_recolor"},
				"west": {"uv": [11.1516, 7.5859, 11.27309, 7.6759], "texture": "#no_recolor"},
				"up": {"uv": [7.6336, 11.1516, 8.3626, 11.27309], "texture": "#no_recolor"},
				"down": {"uv": [7.6336, 4.72691, 8.3626, 4.8484], "texture": "#no_recolor"}
			}
		},
		{
			"name": "no_recolor41",
			"from": [7.6336, 8.3241, 11.3947],
			"to": [8.3626, 8.4141, 11.51621],
			"faces": {
				"north": {"uv": [8.3626, 7.5859, 7.6336, 7.6759], "texture": "#no_recolor"},
				"east": {"uv": [11.51621, 7.5859, 11.3947, 7.6759], "texture": "#no_recolor"},
				"south": {"uv": [7.6336, 7.5859, 8.3626, 7.6759], "texture": "#no_recolor"},
				"west": {"uv": [11.3947, 7.5859, 11.51621, 7.6759], "texture": "#no_recolor"},
				"up": {"uv": [7.6336, 11.3947, 8.3626, 11.51621], "texture": "#no_recolor"},
				"down": {"uv": [7.6336, 4.48379, 8.3626, 4.6053], "texture": "#no_recolor"}
			}
		},
		{
			"name": "no_recolor42",
			"from": [7.6336, 8.3241, 11.6378],
			"to": [8.3626, 8.4141, 12.24531],
			"faces": {
				"north": {"uv": [8.3626, 7.5859, 7.6336, 7.6759], "texture": "#no_recolor"},
				"east": {"uv": [12.24531, 7.5859, 11.6378, 7.6759], "texture": "#no_recolor"},
				"south": {"uv": [7.6336, 7.5859, 8.3626, 7.6759], "texture": "#no_recolor"},
				"west": {"uv": [11.6378, 7.5859, 12.24531, 7.6759], "texture": "#no_recolor"},
				"up": {"uv": [7.6336, 11.6378, 8.3626, 12.24531], "texture": "#no_recolor"},
				"down": {"uv": [7.6336, 3.75469, 8.3626, 4.3622], "texture": "#no_recolor"}
			}
		},
		{
			"name": "no_recolor16",
			"from": [7.755, 8.1467, 7.0207],
			"to": [8.241, 8.26824, 7.5067],
			"faces": {
				"north": {"uv": [8.241, 7.73176, 7.755, 7.8533], "texture": "#no_recolor"},
				"east": {"uv": [7.5067, 7.73176, 7.0207, 7.8533], "texture": "#no_recolor"},
				"south": {"uv": [7.755, 7.73176, 8.241, 7.8533], "texture": "#no_recolor"},
				"west": {"uv": [7.0207, 7.73176, 7.5067, 7.8533], "texture": "#no_recolor"},
				"up": {"uv": [7.755, 7.0207, 8.241, 7.5067], "texture": "#no_recolor"},
				"down": {"uv": [7.755, 8.4933, 8.241, 8.9793], "texture": "#no_recolor"}
			}
		},
		{
			"name": "no_recolor17",
			"from": [7.755, 8.1467, 10.9087],
			"to": [8.241, 8.26824, 11.3947],
			"faces": {
				"north": {"uv": [8.241, 7.73176, 7.755, 7.8533], "texture": "#no_recolor"},
				"east": {"uv": [11.3947, 7.73176, 10.9087, 7.8533], "texture": "#no_recolor"},
				"south": {"uv": [7.755, 7.73176, 8.241, 7.8533], "texture": "#no_recolor"},
				"west": {"uv": [10.9087, 7.73176, 11.3947, 7.8533], "texture": "#no_recolor"},
				"up": {"uv": [7.755, 10.9087, 8.241, 11.3947], "texture": "#no_recolor"},
				"down": {"uv": [7.755, 4.6053, 8.241, 5.0913], "texture": "#no_recolor"}
			}
		},
		{
			"name": "no_recolor3",
			"from": [7.6336, 5.8626, 2.1607],
			"to": [8.3626, 5.95982, 5.0767],
			"faces": {
				"north": {"uv": [8.3626, 10.04018, 7.6336, 10.1374], "texture": "#no_recolor"},
				"east": {"uv": [5.0767, 10.04018, 2.1607, 10.1374], "texture": "#no_recolor"},
				"south": {"uv": [7.6336, 10.04018, 8.3626, 10.1374], "texture": "#no_recolor"},
				"west": {"uv": [2.1607, 10.04018, 5.0767, 10.1374], "texture": "#no_recolor"},
				"up": {"uv": [7.6336, 2.1607, 8.3626, 5.0767], "texture": "#no_recolor"},
				"down": {"uv": [7.6336, 10.9233, 8.3626, 13.8393], "texture": "#no_recolor"}
			}
		},
		{
			"name": "no_recolor4",
			"from": [7.6336, 5.7726, 2.2822],
			"to": [8.3626, 5.8626, 2.40371],
			"faces": {
				"north": {"uv": [8.3626, 10.1374, 7.6336, 10.2274], "texture": "#no_recolor"},
				"east": {"uv": [2.40371, 10.1374, 2.2822, 10.2274], "texture": "#no_recolor"},
				"south": {"uv": [7.6336, 10.1374, 8.3626, 10.2274], "texture": "#no_recolor"},
				"west": {"uv": [2.2822, 10.1374, 2.40371, 10.2274], "texture": "#no_recolor"},
				"up": {"uv": [7.6336, 2.2822, 8.3626, 2.40371], "texture": "#no_recolor"},
				"down": {"uv": [7.6336, 13.59629, 8.3626, 13.7178], "texture": "#no_recolor"}
			}
		},
		{
			"name": "no_recolor5",
			"from": [7.6336, 5.7726, 2.5252],
			"to": [8.3626, 5.8626, 2.64669],
			"faces": {
				"north": {"uv": [8.3626, 10.1374, 7.6336, 10.2274], "texture": "#no_recolor"},
				"east": {"uv": [2.64669, 10.1374, 2.5252, 10.2274], "texture": "#no_recolor"},
				"south": {"uv": [7.6336, 10.1374, 8.3626, 10.2274], "texture": "#no_recolor"},
				"west": {"uv": [2.5252, 10.1374, 2.64669, 10.2274], "texture": "#no_recolor"},
				"up": {"uv": [7.6336, 2.5252, 8.3626, 2.64669], "texture": "#no_recolor"},
				"down": {"uv": [7.6336, 13.35331, 8.3626, 13.4748], "texture": "#no_recolor"}
			}
		},
		{
			"name": "no_recolor6",
			"from": [7.6336, 5.7726, 2.7682],
			"to": [8.3626, 5.8626, 2.88969],
			"faces": {
				"north": {"uv": [8.3626, 10.1374, 7.6336, 10.2274], "texture": "#no_recolor"},
				"east": {"uv": [2.88969, 10.1374, 2.7682, 10.2274], "texture": "#no_recolor"},
				"south": {"uv": [7.6336, 10.1374, 8.3626, 10.2274], "texture": "#no_recolor"},
				"west": {"uv": [2.7682, 10.1374, 2.88969, 10.2274], "texture": "#no_recolor"},
				"up": {"uv": [7.6336, 2.7682, 8.3626, 2.88969], "texture": "#no_recolor"},
				"down": {"uv": [7.6336, 13.11031, 8.3626, 13.2318], "texture": "#no_recolor"}
			}
		},
		{
			"name": "no_recolor7",
			"from": [7.6336, 5.7726, 3.0112],
			"to": [8.3626, 5.8626, 3.13269],
			"faces": {
				"north": {"uv": [8.3626, 10.1374, 7.6336, 10.2274], "texture": "#no_recolor"},
				"east": {"uv": [3.13269, 10.1374, 3.0112, 10.2274], "texture": "#no_recolor"},
				"south": {"uv": [7.6336, 10.1374, 8.3626, 10.2274], "texture": "#no_recolor"},
				"west": {"uv": [3.0112, 10.1374, 3.13269, 10.2274], "texture": "#no_recolor"},
				"up": {"uv": [7.6336, 3.0112, 8.3626, 3.13269], "texture": "#no_recolor"},
				"down": {"uv": [7.6336, 12.86731, 8.3626, 12.9888], "texture": "#no_recolor"}
			}
		},
		{
			"name": "no_recolor8",
			"from": [7.6336, 5.7726, 3.2542],
			"to": [8.3626, 5.8626, 3.37571],
			"faces": {
				"north": {"uv": [8.3626, 10.1374, 7.6336, 10.2274], "texture": "#no_recolor"},
				"east": {"uv": [3.37571, 10.1374, 3.2542, 10.2274], "texture": "#no_recolor"},
				"south": {"uv": [7.6336, 10.1374, 8.3626, 10.2274], "texture": "#no_recolor"},
				"west": {"uv": [3.2542, 10.1374, 3.37571, 10.2274], "texture": "#no_recolor"},
				"up": {"uv": [7.6336, 3.2542, 8.3626, 3.37571], "texture": "#no_recolor"},
				"down": {"uv": [7.6336, 12.62429, 8.3626, 12.7458], "texture": "#no_recolor"}
			}
		},
		{
			"name": "no_recolor9",
			"from": [7.6336, 5.7726, 3.4972],
			"to": [8.3626, 5.8626, 3.61871],
			"faces": {
				"north": {"uv": [8.3626, 10.1374, 7.6336, 10.2274], "texture": "#no_recolor"},
				"east": {"uv": [3.61871, 10.1374, 3.4972, 10.2274], "texture": "#no_recolor"},
				"south": {"uv": [7.6336, 10.1374, 8.3626, 10.2274], "texture": "#no_recolor"},
				"west": {"uv": [3.4972, 10.1374, 3.61871, 10.2274], "texture": "#no_recolor"},
				"up": {"uv": [7.6336, 3.4972, 8.3626, 3.61871], "texture": "#no_recolor"},
				"down": {"uv": [7.6336, 12.38129, 8.3626, 12.5028], "texture": "#no_recolor"}
			}
		},
		{
			"name": "no_recolor10",
			"from": [7.6336, 5.7726, 3.7402],
			"to": [8.3626, 5.8626, 3.86169],
			"faces": {
				"north": {"uv": [8.3626, 10.1374, 7.6336, 10.2274], "texture": "#no_recolor"},
				"east": {"uv": [3.86169, 10.1374, 3.7402, 10.2274], "texture": "#no_recolor"},
				"south": {"uv": [7.6336, 10.1374, 8.3626, 10.2274], "texture": "#no_recolor"},
				"west": {"uv": [3.7402, 10.1374, 3.86169, 10.2274], "texture": "#no_recolor"},
				"up": {"uv": [7.6336, 3.7402, 8.3626, 3.86169], "texture": "#no_recolor"},
				"down": {"uv": [7.6336, 12.13831, 8.3626, 12.2598], "texture": "#no_recolor"}
			}
		},
		{
			"name": "no_recolor11",
			"from": [7.6336, 5.7726, 3.9832],
			"to": [8.3626, 5.8626, 4.10469],
			"faces": {
				"north": {"uv": [8.3626, 10.1374, 7.6336, 10.2274], "texture": "#no_recolor"},
				"east": {"uv": [4.10469, 10.1374, 3.9832, 10.2274], "texture": "#no_recolor"},
				"south": {"uv": [7.6336, 10.1374, 8.3626, 10.2274], "texture": "#no_recolor"},
				"west": {"uv": [3.9832, 10.1374, 4.10469, 10.2274], "texture": "#no_recolor"},
				"up": {"uv": [7.6336, 3.9832, 8.3626, 4.10469], "texture": "#no_recolor"},
				"down": {"uv": [7.6336, 11.89531, 8.3626, 12.0168], "texture": "#no_recolor"}
			}
		},
		{
			"name": "no_recolor12",
			"from": [7.6336, 5.7726, 4.2262],
			"to": [8.3626, 5.8626, 4.34769],
			"faces": {
				"north": {"uv": [8.3626, 10.1374, 7.6336, 10.2274], "texture": "#no_recolor"},
				"east": {"uv": [4.34769, 10.1374, 4.2262, 10.2274], "texture": "#no_recolor"},
				"south": {"uv": [7.6336, 10.1374, 8.3626, 10.2274], "texture": "#no_recolor"},
				"west": {"uv": [4.2262, 10.1374, 4.34769, 10.2274], "texture": "#no_recolor"},
				"up": {"uv": [7.6336, 4.2262, 8.3626, 4.34769], "texture": "#no_recolor"},
				"down": {"uv": [7.6336, 11.65231, 8.3626, 11.7738], "texture": "#no_recolor"}
			}
		},
		{
			"name": "no_recolor13",
			"from": [7.6336, 5.7726, 4.4692],
			"to": [8.3626, 5.8626, 4.59071],
			"faces": {
				"north": {"uv": [8.3626, 10.1374, 7.6336, 10.2274], "texture": "#no_recolor"},
				"east": {"uv": [4.59071, 10.1374, 4.4692, 10.2274], "texture": "#no_recolor"},
				"south": {"uv": [7.6336, 10.1374, 8.3626, 10.2274], "texture": "#no_recolor"},
				"west": {"uv": [4.4692, 10.1374, 4.59071, 10.2274], "texture": "#no_recolor"},
				"up": {"uv": [7.6336, 4.4692, 8.3626, 4.59071], "texture": "#no_recolor"},
				"down": {"uv": [7.6336, 11.40929, 8.3626, 11.5308], "texture": "#no_recolor"}
			}
		},
		{
			"name": "no_recolor14",
			"from": [7.6336, 5.7726, 4.7122],
			"to": [8.3626, 5.8626, 4.83371],
			"faces": {
				"north": {"uv": [8.3626, 10.1374, 7.6336, 10.2274], "texture": "#no_recolor"},
				"east": {"uv": [4.83371, 10.1374, 4.7122, 10.2274], "texture": "#no_recolor"},
				"south": {"uv": [7.6336, 10.1374, 8.3626, 10.2274], "texture": "#no_recolor"},
				"west": {"uv": [4.7122, 10.1374, 4.83371, 10.2274], "texture": "#no_recolor"},
				"up": {"uv": [7.6336, 4.7122, 8.3626, 4.83371], "texture": "#no_recolor"},
				"down": {"uv": [7.6336, 11.16629, 8.3626, 11.2878], "texture": "#no_recolor"}
			}
		},
		{
			"name": "no_recolor15",
			"from": [7.6336, 5.7726, 4.9552],
			"to": [8.3626, 5.8626, 5.07669],
			"faces": {
				"north": {"uv": [8.3626, 10.1374, 7.6336, 10.2274], "texture": "#no_recolor"},
				"east": {"uv": [5.07669, 10.1374, 4.9552, 10.2274], "texture": "#no_recolor"},
				"south": {"uv": [7.6336, 10.1374, 8.3626, 10.2274], "texture": "#no_recolor"},
				"west": {"uv": [4.9552, 10.1374, 5.07669, 10.2274], "texture": "#no_recolor"},
				"up": {"uv": [7.6336, 4.9552, 8.3626, 5.07669], "texture": "#no_recolor"},
				"down": {"uv": [7.6336, 10.92331, 8.3626, 11.0448], "texture": "#no_recolor"}
			}
		},
		{
			"name": "Element",
			"from": [7.755, 5.9355, 4.1047],
			"to": [8.241, 6.05698, 4.5907],
			"faces": {
				"north": {"uv": [8.241, 9.94302, 7.755, 10.0645], "texture": "#no_recolor"},
				"east": {"uv": [4.5907, 9.94302, 4.1047, 10.0645], "texture": "#no_recolor"},
				"south": {"uv": [7.755, 9.94302, 8.241, 10.0645], "texture": "#no_recolor"},
				"west": {"uv": [4.1047, 9.94302, 4.5907, 10.0645], "texture": "#no_recolor"},
				"up": {"uv": [7.755, 4.1047, 8.241, 4.5907], "texture": "#no_recolor"}
			}
		},
		{
			"name": "no_recolor2",
			"from": [7.6336, 5.0363, 10.1796],
			"to": [8.3626, 5.5223, 10.2768],
			"faces": {
				"north": {"uv": [8.3626, 10.4777, 7.6336, 10.9637], "texture": "#no_recolor"},
				"east": {"uv": [10.2768, 10.4777, 10.1796, 10.9637], "texture": "#no_recolor"},
				"south": {"uv": [7.6336, 10.4777, 8.3626, 10.9637], "texture": "#no_recolor"},
				"west": {"uv": [10.1796, 10.4777, 10.2768, 10.9637], "texture": "#no_recolor"},
				"up": {"uv": [7.6336, 10.1796, 8.3626, 10.2768], "texture": "#no_recolor"},
				"down": {"uv": [7.6336, 5.7232, 8.3626, 5.8204], "texture": "#no_recolor"}
			}
		},
		{
			"name": "no_recolor1",
			"from": [7.6336, 4.8599, 10.0984],
			"to": [8.3626, 5.1029, 10.1956],
			"rotation": {"angle": 22.5, "axis": "x", "origin": [7.6336, 4.8599, 10.0984]},
			"faces": {
				"north": {"uv": [8.3626, 10.8971, 7.6336, 11.1401], "texture": "#no_recolor"},
				"east": {"uv": [10.1956, 10.8971, 10.0984, 11.1401], "texture": "#no_recolor"},
				"south": {"uv": [7.6336, 10.8971, 8.3626, 11.1401], "texture": "#no_recolor"},
				"west": {"uv": [10.0984, 10.8971, 10.1956, 11.1401], "texture": "#no_recolor"},
				"up": {"uv": [7.6336, 10.0984, 8.3626, 10.1956], "texture": "#no_recolor"},
				"down": {"uv": [7.6336, 5.8044, 8.3626, 5.9016], "texture": "#no_recolor"}
			}
		},
		{
			"name": "no_recolor73",
			"from": [7.179, 7.3979, 2.8582],
			"to": [7.9998, 7.6139, 3.2182],
			"faces": {
				"north": {"uv": [7.9998, 8.3861, 7.179, 8.6021], "texture": "#no_recolor"},
				"east": {"uv": [3.2182, 8.3861, 2.8582, 8.6021], "texture": "#no_recolor"},
				"south": {"uv": [7.179, 8.3861, 7.9998, 8.6021], "texture": "#no_recolor"},
				"west": {"uv": [2.8582, 8.3861, 3.2182, 8.6021], "texture": "#no_recolor"},
				"up": {"uv": [7.179, 2.8582, 7.9998, 3.2182], "texture": "#no_recolor"},
				"down": {"uv": [7.179, 12.7818, 7.9998, 13.1418], "texture": "#no_recolor"}
			}
		},
		{
			"name": "no_recolor74",
			"from": [7.035, 7.3619, 2.7142],
			"to": [7.395, 7.64984, 3.2542],
			"faces": {
				"north": {"uv": [7.395, 8.35016, 7.035, 8.6381], "texture": "#no_recolor"},
				"east": {"uv": [3.2542, 8.35016, 2.7142, 8.6381], "texture": "#no_recolor"},
				"south": {"uv": [7.035, 8.35016, 7.395, 8.6381], "texture": "#no_recolor"},
				"west": {"uv": [2.7142, 8.35016, 3.2542, 8.6381], "texture": "#no_recolor"},
				"up": {"uv": [7.035, 2.7142, 7.395, 3.2542], "texture": "#no_recolor"},
				"down": {"uv": [7.035, 12.7458, 7.395, 13.2858], "texture": "#no_recolor"}
			}
		}
	],
	"display": {
		"thirdperson_righthand": {
			"translation": [0, 2.25, -0.75],
			"scale": [0.75, 0.75, 0.75]
		},
		"thirdperson_lefthand": {
			"translation": [-0.108, 2.25, -0.75],
			"scale": [0.75, 0.75, 0.75]
		},
		"firstperson_righthand": {
			"translation": [-2, 4, -6],
			"scale": [1.5, 1.5, 1.5]
		},
		"firstperson_lefthand": {
			"translation": [-2, 4, -6],
			"scale": [1.5, 1.5, 1.5]
		},
		"ground": {
			"translation": [0, 3, 0]
		},
		"gui": {
			"rotation": [90, 45, -77],
			"translation": [0, 3, 2.7826]
		},
		"fixed": {
			"rotation": [90, 45, -90],
			"translation": [0, 3, 0],
			"scale": [1.25, 1.25, 1.25]
		}
	}
}