{
	"parent": "item/generated",
	"textures": {
		"layer0": "item/coal"
	},
	
	"overrides": [
		{"predicate": {"custom_model_data":2000001}, "model": "custom/elitecreatures/demons/whip"},
		{"predicate": {"custom_model_data":2000002}, "model": "custom/elitecreatures/demons/aoewhip"},
		{"predicate": {"custom_model_data":2000003}, "model": "custom/elitecreatures/demons/blackflame"},
		{"predicate": {"custom_model_data":2000004}, "model": "custom/elitecreatures/demons/bossflames"},
		{"predicate": {"custom_model_data":2000005}, "model": "custom/elitecreatures/demons/bossslash"},
		{"predicate": {"custom_model_data":2000006}, "model": "custom/elitecreatures/demons/clawred"},
		{"predicate": {"custom_model_data":2000007}, "model": "custom/elitecreatures/demons/demonkiss"},
		{"predicate": {"custom_model_data":2000008}, "model": "custom/elitecreatures/demons/redcircle"},
		{"predicate": {"custom_model_data":2000009}, "model": "custom/elitecreatures/demons/slashback"},
		{"predicate": {"custom_model_data":2000010}, "model": "custom/elitecreatures/demons/slashfront"},
		{"predicate": {"custom_model_data":2000011}, "model": "custom/elitecreatures/demons/soundwave"},
		{"predicate": {"custom_model_data":2000012}, "model": "custom/elitecreatures/demons/sucflames"},
		{"predicate": {"custom_model_data":2000013}, "model": "custom/elitecreatures/demons/demonballboss"},
		{"predicate": {"custom_model_data":2000014}, "model": "custom/elitecreatures/demons/demonball"},
		{"predicate": {"custom_model_data":2000015}, "model": "custom/elitecreatures/demons/demonkey"},
		{"predicate": {"custom_model_data":2000016}, "model": "custom/elitecreatures/demons/demonwing"},
		{"predicate": {"custom_model_data":2000017}, "model": "custom/elitecreatures/demons/impwing"},
		{"predicate": {"custom_model_data":2000018}, "model": "custom/elitecreatures/demons/scampclaw"},
		{"predicate": {"custom_model_data":2000019}, "model": "custom/elitecreatures/demons/demonhelmet"}
	]
}