{
	"parent": "minecraft:item/handheld",
	"textures": {
		"layer0": "minecraft:item/diamond_sword"
	},
	"overrides": [
		{
			"predicate": {
				"custom_model_data": 90001
			},
			"model": "stellarity:item/frigid_harvester"
		},
		{
			"predicate": {
				"custom_model_data": 90002
			},
			"model": "stellarity:item/frigid_harvester_tier_1"
		},
		{
			"predicate": {
				"custom_model_data": 90003
			},
			"model": "stellarity:item/frigid_harvester_tier_2"
		},
		{
			"predicate": {
				"custom_model_data": 90004
			},
			"model": "stellarity:item/frigid_harvester_tier_3"
		},
		{
			"predicate": {
				"custom_model_data": 90005
			},
			"model": "stellarity:item/frigid_harvester_tier_4"
		},
		{
            "predicate": {
              "custom_model_data": 1450003
            },
            "model": "incendium:item/chilling"
        }
	]
}
