{
	"parent": "minecraft:item/generated",
	"textures": {
		"layer0": "minecraft:item/knowledge_book"
	},
	"overrides": [
		{
			"predicate": {
				"custom_model_data": 90001
			},
			"model": "stellarity:item/book_of_conveyance"
		},
		{
			"predicate": {
				"custom_model_data": 90002
			},
			"model": "stellarity:item/book_of_updraft"
		},
		{
			"predicate": {
				"custom_model_data": 90003
			},
			"model": "stellarity:item/book_of_light"
		},
		{
			"predicate": {
				"custom_model_data": 90004
			},
			"model": "stellarity:item/natures_wrath"
		},
		{
			"predicate": {
				"custom_model_data": 90005
			},
			"model": "stellarity:item/book_of_jinx"
		},
		{
			"predicate": {
				"custom_model_data": 90006
			},
			"model": "stellarity:item/book_of_return"
		}
	]
}
