{
	"parent": "item/handheld",
	"textures": {
		"layer0": "item/netherite_sword"
	},
	"overrides": [
		{"predicate": {"custom_model_data":3000005}, "model": "custom/elitecreatures/demons/demonsword"},
        {"predicate": {"custom_model_data":1}, "model":"item/weapons/zenitsu_scabbard"},
        {"predicate": {"custom_model_data":2}, "model":"item/weapons/zenitsu_katana"},
        {
			"predicate": {
				"custom_model_data": 90000
			},
			"model": "stellarity:item/dragonblade"
		},
		{
			"predicate": {
				"custom_model_data": 90001
			},
			"model": "stellarity:item/shulker_sword"
		},
		{
			"predicate": {
				"custom_model_data": 90002
			},
			"model": "stellarity:item/tamaris"
		},
		{
			"predicate": {
				"custom_model_data": 90003
			},
			"model": "stellarity:item/prismember"
		},
		{
			"predicate": {
				"custom_model_data": 90004
			},
			"model": "stellarity:item/chorus_dagger"
		},
		{
			"predicate": {
				"custom_model_data": 90005
			},
			"model": "stellarity:item/the_beginning"
		},
		{
			"predicate": {
				"custom_model_data": 90006
			},
			"model": "stellarity:item/the_end"
		},
		{
			"predicate": {
				"custom_model_data": 90007
			},
			"model": "stellarity:item/stellar_striker"
		},
		{
            "predicate": {
              "custom_model_data": 1450000
            },
            "model": "incendium:item/patron/daybreaker"
        },
		{
            "predicate": {
              "custom_model_data": 1450001
            },
            "model": "incendium:item/patron/witherblade"
        },
		{
            "predicate": {
              "custom_model_data": 1450003
            },
            "model": "incendium:item/chilling"
        },
        {
            "predicate": {
            	"custom_model_data": 1450004
            },
            "model": "incendium:item/sacrifice"
        },
        {
            "predicate": {
              "custom_model_data": 1450005
            },
            "model": "incendium:item/vampire"
        }
	]
}