{"credit":"Made with Blockbench","parent":"minecraft:item/generated","textures":{"layer0":"stellarity:item/ender_insignia"},"display":{"thirdperson_righthand":{"translation":[0.25,0.75,1],"scale":[0.55,0.55,0.55]},"thirdperson_lefthand":{"translation":[0.25,0.75,1],"scale":[0.55,0.55,0.55]},"firstperson_righthand":{"rotation":[0,-90,25],"translation":[2.38,-0.55,1.13],"scale":[0.68,0.68,0.68]},"firstperson_lefthand":{"rotation":[0,-90,25],"translation":[2.38,-0.55,1.13],"scale":[0.68,0.68,0.68]},"ground":{"translation":[0,2,0],"scale":[0.5,0.5,0.5]},"head":{"rotation":[152,-4,-9],"translation":[-6.5,5.75,-1.25]},"fixed":{"rotation":[0,180,0]}}}