{"credit":"Made with Blockbench","parent":"minecraft:item/generated","textures":{"layer0":"stellarity:item/starstruck_carcanet"},"gui_light":"front","display":{"thirdperson_righthand":{"translation":[0,-5.25,1],"scale":[0.45,0.45,0.45]},"thirdperson_lefthand":{"translation":[0.25,-5.25,1],"scale":[0.45,0.45,0.45]},"firstperson_righthand":{"rotation":[0,-90,25],"translation":[2.38,-0.55,1.13],"scale":[0.68,0.68,0.68]},"firstperson_lefthand":{"rotation":[0,-90,25],"translation":[2.38,-0.55,1.13],"scale":[0.68,0.68,0.68]},"ground":{"translation":[-0.25,2,0],"scale":[0.5,0.5,0.5]},"gui":{"translation":[-0.5,-0.5,0]},"head":{"rotation":[0,180,0],"translation":[0.5,-10,-3.75],"scale":[0.85,0.85,0.85]},"fixed":{"rotation":[0,180,0],"translation":[0.25,0,0]}}}